-- MySQL dump 10.13  Distrib 8.4.0, for macos13.2 (x86_64)
--
-- Host: localhost    Database: FLYTAU
-- ------------------------------------------------------
-- Server version	8.0.44

/*!40101 SET @OLD_CHARACTER_SET_CLIENT=@@CHARACTER_SET_CLIENT */;
/*!40101 SET @OLD_CHARACTER_SET_RESULTS=@@CHARACTER_SET_RESULTS */;
/*!40101 SET @OLD_COLLATION_CONNECTION=@@COLLATION_CONNECTION */;
/*!50503 SET NAMES utf8mb4 */;
/*!40103 SET @OLD_TIME_ZONE=@@TIME_ZONE */;
/*!40103 SET TIME_ZONE='+00:00' */;
/*!40014 SET @OLD_UNIQUE_CHECKS=@@UNIQUE_CHECKS, UNIQUE_CHECKS=0 */;
/*!40014 SET @OLD_FOREIGN_KEY_CHECKS=@@FOREIGN_KEY_CHECKS, FOREIGN_KEY_CHECKS=0 */;
/*!40101 SET @OLD_SQL_MODE=@@SQL_MODE, SQL_MODE='NO_AUTO_VALUE_ON_ZERO' */;
/*!40111 SET @OLD_SQL_NOTES=@@SQL_NOTES, SQL_NOTES=0 */;

--
-- Current Database: `FLYTAU`
--

CREATE DATABASE /*!32312 IF NOT EXISTS*/ `FLYTAU` /*!40100 DEFAULT CHARACTER SET utf8mb4 COLLATE utf8mb4_0900_ai_ci */ /*!80016 DEFAULT ENCRYPTION='N' */;

USE `FLYTAU`;

--
-- Table structure for table `airplanes`
--

DROP TABLE IF EXISTS `airplanes`;
/*!40101 SET @saved_cs_client     = @@character_set_client */;
/*!50503 SET character_set_client = utf8mb4 */;
CREATE TABLE `airplanes` (
  `airplane_id` int NOT NULL,
  `manufacturer` varchar(80) DEFAULT NULL,
  `date_of_purchase` date DEFAULT NULL,
  `plane_size` varchar(40) DEFAULT NULL,
  PRIMARY KEY (`airplane_id`)
) ENGINE=InnoDB DEFAULT CHARSET=utf8mb4 COLLATE=utf8mb4_0900_ai_ci;
/*!40101 SET character_set_client = @saved_cs_client */;

--
-- Dumping data for table `airplanes`
--

LOCK TABLES `airplanes` WRITE;
/*!40000 ALTER TABLE `airplanes` DISABLE KEYS */;
INSERT INTO `airplanes` VALUES (1,'Airbus','2020-01-10','Small'),(2,'Boeing','2021-03-15','Small'),(3,'Dassault','2019-06-20','Small'),(4,'Airbus','2022-09-01','Small'),(5,'Boeing','2018-12-30','Big'),(6,'Airbus','2023-04-05','Big'),(7,'Boeing','2026-01-25','Small'),(8,'Boeing','2026-02-06','Big');
/*!40000 ALTER TABLE `airplanes` ENABLE KEYS */;
UNLOCK TABLES;

--
-- Table structure for table `class`
--

DROP TABLE IF EXISTS `class`;
/*!40101 SET @saved_cs_client     = @@character_set_client */;
/*!50503 SET character_set_client = utf8mb4 */;
CREATE TABLE `class` (
  `airplane_id` int NOT NULL,
  `class_type` varchar(30) NOT NULL,
  `num_rows` int NOT NULL,
  `num_columns` int NOT NULL,
  PRIMARY KEY (`airplane_id`,`class_type`),
  CONSTRAINT `class_ibfk_1` FOREIGN KEY (`airplane_id`) REFERENCES `airplanes` (`airplane_id`)
) ENGINE=InnoDB DEFAULT CHARSET=utf8mb4 COLLATE=utf8mb4_0900_ai_ci;
/*!40101 SET character_set_client = @saved_cs_client */;

--
-- Dumping data for table `class`
--

LOCK TABLES `class` WRITE;
/*!40000 ALTER TABLE `class` DISABLE KEYS */;
INSERT INTO `class` VALUES (1,'Economy',10,6),(2,'Economy',15,4),(3,'Economy',20,4),(4,'Economy',10,4),(5,'Business',3,4),(5,'Economy',20,9),(6,'Business',2,4),(6,'Economy',15,10),(7,'Economy',20,6),(8,'Business',5,5),(8,'Economy',5,5);
/*!40000 ALTER TABLE `class` ENABLE KEYS */;
UNLOCK TABLES;

--
-- Table structure for table `customers`
--

DROP TABLE IF EXISTS `customers`;
/*!40101 SET @saved_cs_client     = @@character_set_client */;
/*!50503 SET character_set_client = utf8mb4 */;
CREATE TABLE `customers` (
  `email` varchar(255) NOT NULL,
  `birth_date` date DEFAULT NULL,
  `sign_up_date` date DEFAULT NULL,
  `passport_num` varchar(40) NOT NULL,
  `password` varchar(255) DEFAULT NULL,
  PRIMARY KEY (`email`),
  UNIQUE KEY `passport_num` (`passport_num`),
  CONSTRAINT `customers_ibfk_1` FOREIGN KEY (`email`) REFERENCES `users` (`email`)
) ENGINE=InnoDB DEFAULT CHARSET=utf8mb4 COLLATE=utf8mb4_0900_ai_ci;
/*!40101 SET character_set_client = @saved_cs_client */;

--
-- Dumping data for table `customers`
--

LOCK TABLES `customers` WRITE;
/*!40000 ALTER TABLE `customers` DISABLE KEYS */;
INSERT INTO `customers` VALUES ('noa.reg1@flytau.com','2003-05-10','2025-12-01','P000000001','pass_reg1'),('yuval.reg2@flytau.com','2002-11-20','2025-12-02','P000000002','pass_reg2');
/*!40000 ALTER TABLE `customers` ENABLE KEYS */;
UNLOCK TABLES;

--
-- Table structure for table `flight`
--

DROP TABLE IF EXISTS `flight`;
/*!40101 SET @saved_cs_client     = @@character_set_client */;
/*!50503 SET character_set_client = utf8mb4 */;
CREATE TABLE `flight` (
  `flight_num` varchar(20) NOT NULL,
  `departure_datetime` datetime NOT NULL,
  `arrival_datetime` datetime NOT NULL,
  `status` varchar(30) DEFAULT NULL,
  `origin_airport` varchar(10) NOT NULL,
  `destination_airport` varchar(10) NOT NULL,
  `airplane_id` int NOT NULL,
  PRIMARY KEY (`flight_num`),
  UNIQUE KEY `flight_num` (`flight_num`,`airplane_id`),
  KEY `origin_airport` (`origin_airport`,`destination_airport`),
  KEY `airplane_id` (`airplane_id`),
  CONSTRAINT `flight_ibfk_1` FOREIGN KEY (`origin_airport`, `destination_airport`) REFERENCES `routes` (`origin_airport`, `destination_airport`),
  CONSTRAINT `flight_ibfk_2` FOREIGN KEY (`airplane_id`) REFERENCES `airplanes` (`airplane_id`)
) ENGINE=InnoDB DEFAULT CHARSET=utf8mb4 COLLATE=utf8mb4_0900_ai_ci;
/*!40101 SET character_set_client = @saved_cs_client */;

--
-- Dumping data for table `flight`
--

LOCK TABLES `flight` WRITE;
/*!40000 ALTER TABLE `flight` DISABLE KEYS */;
INSERT INTO `flight` VALUES ('1','2026-04-06 18:56:00','2026-04-06 21:26:00','cancelled','TLV','ATH',5),('2','2026-04-05 21:16:00','2026-04-06 08:16:00','cancelled','TLV','BKK',6),('3','2026-01-27 22:20:00','2026-01-28 09:20:00','cancelled','TLV','BKK',1),('4','2026-04-06 23:00:00','2026-04-07 01:30:00','cancelled','TLV','ATH',4),('5','2026-01-26 03:30:00','2026-01-26 08:30:00','cancelled','TLV','LHR',6),('890','2026-01-03 10:00:00','2026-01-03 15:00:00','landed','TLV','LHR',3),('F1001','2026-04-05 08:00:00','2026-04-05 10:30:00','active','TLV','ATH',1),('F1002','2026-04-06 12:00:00','2026-04-06 17:00:00','active','TLV','LHR',2),('F1003','2026-04-03 23:00:00','2026-04-04 10:00:00','active','TLV','JFK',5),('F1004','2026-04-08 09:00:00','2026-04-08 12:40:00','active','ATH','LHR',4),('F1005','2026-04-08 09:00:00','2026-04-08 20:00:00','cancelled','TLV','BKK',5),('F1006','2026-04-08 09:00:00','2026-04-08 21:00:00','delayed','EWR','HNL',6),('F1007','2026-02-18 17:00:00','2026-02-19 04:00:00','delayed','TLV','JFK',8),('F1008','2026-01-15 12:42:00','2026-01-15 17:42:00','landed','TLV','LHR',6),('F1009','2026-01-15 17:48:00','2026-01-15 20:18:00','landed','TLV','ATH',4),('F1010','2026-01-19 20:22:00','2026-01-20 07:22:00','landed','TLV','JFK',5),('F1011','2026-01-28 17:23:00','2026-01-29 04:23:00','active','TLV','JFK',5);
/*!40000 ALTER TABLE `flight` ENABLE KEYS */;
UNLOCK TABLES;

--
-- Table structure for table `flight_attendants`
--

DROP TABLE IF EXISTS `flight_attendants`;
/*!40101 SET @saved_cs_client     = @@character_set_client */;
/*!50503 SET character_set_client = utf8mb4 */;
CREATE TABLE `flight_attendants` (
  `worker_id` int NOT NULL,
  `lng_flight_approved` tinyint(1) DEFAULT NULL,
  PRIMARY KEY (`worker_id`),
  CONSTRAINT `flight_attendants_ibfk_1` FOREIGN KEY (`worker_id`) REFERENCES `workers` (`worker_id`)
) ENGINE=InnoDB DEFAULT CHARSET=utf8mb4 COLLATE=utf8mb4_0900_ai_ci;
/*!40101 SET character_set_client = @saved_cs_client */;

--
-- Dumping data for table `flight_attendants`
--

LOCK TABLES `flight_attendants` WRITE;
/*!40000 ALTER TABLE `flight_attendants` DISABLE KEYS */;
INSERT INTO `flight_attendants` VALUES (2201,1),(2202,1),(2203,0),(2204,1),(2205,0),(2206,1),(2207,1),(2208,0),(2209,1),(2210,0),(2211,1),(2212,0),(2213,1),(2214,1),(2215,0),(2216,1),(2217,0),(2218,1),(2219,1),(2220,0);
/*!40000 ALTER TABLE `flight_attendants` ENABLE KEYS */;
UNLOCK TABLES;

--
-- Table structure for table `flight_class_price`
--

DROP TABLE IF EXISTS `flight_class_price`;
/*!40101 SET @saved_cs_client     = @@character_set_client */;
/*!50503 SET character_set_client = utf8mb4 */;
CREATE TABLE `flight_class_price` (
  `flight_num` varchar(20) NOT NULL,
  `airplane_id` int NOT NULL,
  `class_type` varchar(30) NOT NULL,
  `price` decimal(10,2) NOT NULL,
  PRIMARY KEY (`flight_num`,`airplane_id`,`class_type`),
  KEY `airplane_id` (`airplane_id`,`class_type`),
  CONSTRAINT `flight_class_price_ibfk_1` FOREIGN KEY (`flight_num`, `airplane_id`) REFERENCES `flight` (`flight_num`, `airplane_id`),
  CONSTRAINT `flight_class_price_ibfk_2` FOREIGN KEY (`airplane_id`, `class_type`) REFERENCES `class` (`airplane_id`, `class_type`)
) ENGINE=InnoDB DEFAULT CHARSET=utf8mb4 COLLATE=utf8mb4_0900_ai_ci;
/*!40101 SET character_set_client = @saved_cs_client */;

--
-- Dumping data for table `flight_class_price`
--

LOCK TABLES `flight_class_price` WRITE;
/*!40000 ALTER TABLE `flight_class_price` DISABLE KEYS */;
INSERT INTO `flight_class_price` VALUES ('1',5,'Business',333.00),('1',5,'Economy',222.00),('2',6,'Business',2000.00),('2',6,'Economy',100.00),('3',1,'Economy',1000.00),('4',4,'Economy',200.00),('5',6,'Business',1000.00),('5',6,'Economy',500.00),('F1001',1,'Economy',180.00),('F1002',2,'Economy',260.00),('F1003',5,'Business',1900.00),('F1003',5,'Economy',900.00),('F1004',4,'Economy',220.00),('F1005',5,'Business',2300.00),('F1005',5,'Economy',1100.00),('F1006',6,'Business',2600.00),('F1006',6,'Economy',1300.00),('F1007',8,'Business',1000.00),('F1007',8,'Economy',500.00),('F1008',6,'Business',1500.00),('F1008',6,'Economy',750.00),('F1009',4,'Economy',500.00),('F1010',5,'Business',3000.00),('F1010',5,'Economy',1000.00),('F1011',5,'Business',900.00),('F1011',5,'Economy',2000.00);
/*!40000 ALTER TABLE `flight_class_price` ENABLE KEYS */;
UNLOCK TABLES;

--
-- Table structure for table `flight_seat`
--

DROP TABLE IF EXISTS `flight_seat`;
/*!40101 SET @saved_cs_client     = @@character_set_client */;
/*!50503 SET character_set_client = utf8mb4 */;
CREATE TABLE `flight_seat` (
  `flight_num` varchar(20) NOT NULL,
  `airplane_id` int NOT NULL,
  `class_type` varchar(30) NOT NULL,
  `row_num` int NOT NULL,
  `column_letter` char(1) NOT NULL,
  `seat_status` varchar(30) DEFAULT NULL,
  PRIMARY KEY (`flight_num`,`airplane_id`,`class_type`,`row_num`,`column_letter`),
  KEY `airplane_id` (`airplane_id`,`class_type`,`row_num`,`column_letter`),
  CONSTRAINT `flight_seat_ibfk_1` FOREIGN KEY (`flight_num`) REFERENCES `flight` (`flight_num`),
  CONSTRAINT `flight_seat_ibfk_2` FOREIGN KEY (`airplane_id`, `class_type`, `row_num`, `column_letter`) REFERENCES `seat_position` (`airplane_id`, `class_type`, `row_num`, `column_letter`)
) ENGINE=InnoDB DEFAULT CHARSET=utf8mb4 COLLATE=utf8mb4_0900_ai_ci;
/*!40101 SET character_set_client = @saved_cs_client */;

--
-- Dumping data for table `flight_seat`
--

LOCK TABLES `flight_seat` WRITE;
/*!40000 ALTER TABLE `flight_seat` DISABLE KEYS */;
INSERT INTO `flight_seat` VALUES ('1',5,'Business',1,'A','available'),('1',5,'Business',1,'B','available'),('1',5,'Business',1,'C','available'),('1',5,'Business',1,'D','available'),('1',5,'Business',2,'A','available'),('1',5,'Business',2,'B','available'),('1',5,'Business',2,'C','available'),('1',5,'Business',2,'D','available'),('1',5,'Business',3,'A','available'),('1',5,'Business',3,'B','available'),('1',5,'Business',3,'C','available'),('1',5,'Business',3,'D','available'),('1',5,'Economy',1,'A','available'),('1',5,'Economy',1,'B','available'),('1',5,'Economy',1,'C','available'),('1',5,'Economy',1,'D','available'),('1',5,'Economy',1,'E','available'),('1',5,'Economy',1,'F','available'),('1',5,'Economy',1,'G','available'),('1',5,'Economy',1,'H','available'),('1',5,'Economy',1,'I','available'),('1',5,'Economy',2,'A','available'),('1',5,'Economy',2,'B','available'),('1',5,'Economy',2,'C','available'),('1',5,'Economy',2,'D','available'),('1',5,'Economy',2,'E','available'),('1',5,'Economy',2,'F','available'),('1',5,'Economy',2,'G','available'),('1',5,'Economy',2,'H','available'),('1',5,'Economy',2,'I','available'),('1',5,'Economy',3,'A','available'),('1',5,'Economy',3,'B','available'),('1',5,'Economy',3,'C','available'),('1',5,'Economy',3,'D','available'),('1',5,'Economy',3,'E','available'),('1',5,'Economy',3,'F','available'),('1',5,'Economy',3,'G','available'),('1',5,'Economy',3,'H','available'),('1',5,'Economy',3,'I','available'),('1',5,'Economy',4,'A','available'),('1',5,'Economy',4,'B','available'),('1',5,'Economy',4,'C','available'),('1',5,'Economy',4,'D','available'),('1',5,'Economy',4,'E','available'),('1',5,'Economy',4,'F','available'),('1',5,'Economy',4,'G','available'),('1',5,'Economy',4,'H','available'),('1',5,'Economy',4,'I','available'),('1',5,'Economy',5,'A','available'),('1',5,'Economy',5,'B','available'),('1',5,'Economy',5,'C','available'),('1',5,'Economy',5,'D','available'),('1',5,'Economy',5,'E','available'),('1',5,'Economy',5,'F','available'),('1',5,'Economy',5,'G','available'),('1',5,'Economy',5,'H','available'),('1',5,'Economy',5,'I','available'),('1',5,'Economy',6,'A','available'),('1',5,'Economy',6,'B','available'),('1',5,'Economy',6,'C','available'),('1',5,'Economy',6,'D','available'),('1',5,'Economy',6,'E','available'),('1',5,'Economy',6,'F','available'),('1',5,'Economy',6,'G','available'),('1',5,'Economy',6,'H','available'),('1',5,'Economy',6,'I','available'),('1',5,'Economy',7,'A','available'),('1',5,'Economy',7,'B','available'),('1',5,'Economy',7,'C','available'),('1',5,'Economy',7,'D','available'),('1',5,'Economy',7,'E','available'),('1',5,'Economy',7,'F','available'),('1',5,'Economy',7,'G','available'),('1',5,'Economy',7,'H','available'),('1',5,'Economy',7,'I','available'),('1',5,'Economy',8,'A','available'),('1',5,'Economy',8,'B','available'),('1',5,'Economy',8,'C','available'),('1',5,'Economy',8,'D','available'),('1',5,'Economy',8,'E','available'),('1',5,'Economy',8,'F','available'),('1',5,'Economy',8,'G','available'),('1',5,'Economy',8,'H','available'),('1',5,'Economy',8,'I','available'),('1',5,'Economy',9,'A','available'),('1',5,'Economy',9,'B','available'),('1',5,'Economy',9,'C','available'),('1',5,'Economy',9,'D','available'),('1',5,'Economy',9,'E','available'),('1',5,'Economy',9,'F','available'),('1',5,'Economy',9,'G','available'),('1',5,'Economy',9,'H','available'),('1',5,'Economy',9,'I','available'),('1',5,'Economy',10,'A','available'),('1',5,'Economy',10,'B','available'),('1',5,'Economy',10,'C','available'),('1',5,'Economy',10,'D','available'),('1',5,'Economy',10,'E','available'),('1',5,'Economy',10,'F','available'),('1',5,'Economy',10,'G','available'),('1',5,'Economy',10,'H','available'),('1',5,'Economy',10,'I','available'),('1',5,'Economy',11,'A','available'),('1',5,'Economy',11,'B','available'),('1',5,'Economy',11,'C','available'),('1',5,'Economy',11,'D','available'),('1',5,'Economy',11,'E','available'),('1',5,'Economy',11,'F','available'),('1',5,'Economy',11,'G','available'),('1',5,'Economy',11,'H','available'),('1',5,'Economy',11,'I','available'),('1',5,'Economy',12,'A','available'),('1',5,'Economy',12,'B','available'),('1',5,'Economy',12,'C','available'),('1',5,'Economy',12,'D','available'),('1',5,'Economy',12,'E','available'),('1',5,'Economy',12,'F','available'),('1',5,'Economy',12,'G','available'),('1',5,'Economy',12,'H','available'),('1',5,'Economy',12,'I','available'),('1',5,'Economy',13,'A','available'),('1',5,'Economy',13,'B','available'),('1',5,'Economy',13,'C','available'),('1',5,'Economy',13,'D','available'),('1',5,'Economy',13,'E','available'),('1',5,'Economy',13,'F','available'),('1',5,'Economy',13,'G','available'),('1',5,'Economy',13,'H','available'),('1',5,'Economy',13,'I','available'),('1',5,'Economy',14,'A','available'),('1',5,'Economy',14,'B','available'),('1',5,'Economy',14,'C','available'),('1',5,'Economy',14,'D','available'),('1',5,'Economy',14,'E','available'),('1',5,'Economy',14,'F','available'),('1',5,'Economy',14,'G','available'),('1',5,'Economy',14,'H','available'),('1',5,'Economy',14,'I','available'),('1',5,'Economy',15,'A','available'),('1',5,'Economy',15,'B','available'),('1',5,'Economy',15,'C','available'),('1',5,'Economy',15,'D','available'),('1',5,'Economy',15,'E','available'),('1',5,'Economy',15,'F','available'),('1',5,'Economy',15,'G','available'),('1',5,'Economy',15,'H','available'),('1',5,'Economy',15,'I','available'),('1',5,'Economy',16,'A','available'),('1',5,'Economy',16,'B','available'),('1',5,'Economy',16,'C','available'),('1',5,'Economy',16,'D','available'),('1',5,'Economy',16,'E','available'),('1',5,'Economy',16,'F','available'),('1',5,'Economy',16,'G','available'),('1',5,'Economy',16,'H','available'),('1',5,'Economy',16,'I','available'),('1',5,'Economy',17,'A','available'),('1',5,'Economy',17,'B','available'),('1',5,'Economy',17,'C','available'),('1',5,'Economy',17,'D','available'),('1',5,'Economy',17,'E','available'),('1',5,'Economy',17,'F','available'),('1',5,'Economy',17,'G','available'),('1',5,'Economy',17,'H','available'),('1',5,'Economy',17,'I','available'),('1',5,'Economy',18,'A','available'),('1',5,'Economy',18,'B','available'),('1',5,'Economy',18,'C','available'),('1',5,'Economy',18,'D','available'),('1',5,'Economy',18,'E','available'),('1',5,'Economy',18,'F','available'),('1',5,'Economy',18,'G','available'),('1',5,'Economy',18,'H','available'),('1',5,'Economy',18,'I','available'),('1',5,'Economy',19,'A','available'),('1',5,'Economy',19,'B','available'),('1',5,'Economy',19,'C','available'),('1',5,'Economy',19,'D','taken'),('1',5,'Economy',19,'E','taken'),('1',5,'Economy',19,'F','available'),('1',5,'Economy',19,'G','available'),('1',5,'Economy',19,'H','available'),('1',5,'Economy',19,'I','available'),('1',5,'Economy',20,'A','available'),('1',5,'Economy',20,'B','available'),('1',5,'Economy',20,'C','available'),('1',5,'Economy',20,'D','taken'),('1',5,'Economy',20,'E','taken'),('1',5,'Economy',20,'F','taken'),('1',5,'Economy',20,'G','available'),('1',5,'Economy',20,'H','available'),('1',5,'Economy',20,'I','available'),('2',6,'Business',1,'A','available'),('2',6,'Business',1,'B','available'),('2',6,'Business',1,'C','available'),('2',6,'Business',1,'D','available'),('2',6,'Business',2,'A','available'),('2',6,'Business',2,'B','available'),('2',6,'Business',2,'C','available'),('2',6,'Business',2,'D','available'),('2',6,'Economy',1,'A','available'),('2',6,'Economy',1,'B','available'),('2',6,'Economy',1,'C','available'),('2',6,'Economy',1,'D','available'),('2',6,'Economy',1,'E','available'),('2',6,'Economy',1,'F','available'),('2',6,'Economy',1,'G','available'),('2',6,'Economy',1,'H','available'),('2',6,'Economy',1,'I','available'),('2',6,'Economy',1,'J','available'),('2',6,'Economy',2,'A','available'),('2',6,'Economy',2,'B','available'),('2',6,'Economy',2,'C','available'),('2',6,'Economy',2,'D','available'),('2',6,'Economy',2,'E','available'),('2',6,'Economy',2,'F','available'),('2',6,'Economy',2,'G','available'),('2',6,'Economy',2,'H','available'),('2',6,'Economy',2,'I','available'),('2',6,'Economy',2,'J','available'),('2',6,'Economy',3,'A','available'),('2',6,'Economy',3,'B','available'),('2',6,'Economy',3,'C','available'),('2',6,'Economy',3,'D','available'),('2',6,'Economy',3,'E','available'),('2',6,'Economy',3,'F','available'),('2',6,'Economy',3,'G','available'),('2',6,'Economy',3,'H','available'),('2',6,'Economy',3,'I','available'),('2',6,'Economy',3,'J','available'),('2',6,'Economy',4,'A','available'),('2',6,'Economy',4,'B','available'),('2',6,'Economy',4,'C','available'),('2',6,'Economy',4,'D','available'),('2',6,'Economy',4,'E','available'),('2',6,'Economy',4,'F','available'),('2',6,'Economy',4,'G','available'),('2',6,'Economy',4,'H','available'),('2',6,'Economy',4,'I','available'),('2',6,'Economy',4,'J','available'),('2',6,'Economy',5,'A','available'),('2',6,'Economy',5,'B','available'),('2',6,'Economy',5,'C','available'),('2',6,'Economy',5,'D','available'),('2',6,'Economy',5,'E','available'),('2',6,'Economy',5,'F','available'),('2',6,'Economy',5,'G','available'),('2',6,'Economy',5,'H','available'),('2',6,'Economy',5,'I','available'),('2',6,'Economy',5,'J','available'),('2',6,'Economy',6,'A','available'),('2',6,'Economy',6,'B','available'),('2',6,'Economy',6,'C','available'),('2',6,'Economy',6,'D','available'),('2',6,'Economy',6,'E','available'),('2',6,'Economy',6,'F','available'),('2',6,'Economy',6,'G','available'),('2',6,'Economy',6,'H','available'),('2',6,'Economy',6,'I','available'),('2',6,'Economy',6,'J','available'),('2',6,'Economy',7,'A','available'),('2',6,'Economy',7,'B','available'),('2',6,'Economy',7,'C','available'),('2',6,'Economy',7,'D','available'),('2',6,'Economy',7,'E','available'),('2',6,'Economy',7,'F','available'),('2',6,'Economy',7,'G','available'),('2',6,'Economy',7,'H','available'),('2',6,'Economy',7,'I','available'),('2',6,'Economy',7,'J','available'),('2',6,'Economy',8,'A','available'),('2',6,'Economy',8,'B','available'),('2',6,'Economy',8,'C','available'),('2',6,'Economy',8,'D','available'),('2',6,'Economy',8,'E','available'),('2',6,'Economy',8,'F','available'),('2',6,'Economy',8,'G','available'),('2',6,'Economy',8,'H','available'),('2',6,'Economy',8,'I','available'),('2',6,'Economy',8,'J','available'),('2',6,'Economy',9,'A','available'),('2',6,'Economy',9,'B','available'),('2',6,'Economy',9,'C','available'),('2',6,'Economy',9,'D','available'),('2',6,'Economy',9,'E','available'),('2',6,'Economy',9,'F','available'),('2',6,'Economy',9,'G','available'),('2',6,'Economy',9,'H','available'),('2',6,'Economy',9,'I','available'),('2',6,'Economy',9,'J','available'),('2',6,'Economy',10,'A','available'),('2',6,'Economy',10,'B','available'),('2',6,'Economy',10,'C','available'),('2',6,'Economy',10,'D','available'),('2',6,'Economy',10,'E','available'),('2',6,'Economy',10,'F','available'),('2',6,'Economy',10,'G','available'),('2',6,'Economy',10,'H','available'),('2',6,'Economy',10,'I','available'),('2',6,'Economy',10,'J','available'),('2',6,'Economy',11,'A','available'),('2',6,'Economy',11,'B','available'),('2',6,'Economy',11,'C','available'),('2',6,'Economy',11,'D','available'),('2',6,'Economy',11,'E','available'),('2',6,'Economy',11,'F','available'),('2',6,'Economy',11,'G','available'),('2',6,'Economy',11,'H','available'),('2',6,'Economy',11,'I','available'),('2',6,'Economy',11,'J','available'),('2',6,'Economy',12,'A','available'),('2',6,'Economy',12,'B','available'),('2',6,'Economy',12,'C','available'),('2',6,'Economy',12,'D','available'),('2',6,'Economy',12,'E','available'),('2',6,'Economy',12,'F','available'),('2',6,'Economy',12,'G','available'),('2',6,'Economy',12,'H','available'),('2',6,'Economy',12,'I','available'),('2',6,'Economy',12,'J','available'),('2',6,'Economy',13,'A','available'),('2',6,'Economy',13,'B','available'),('2',6,'Economy',13,'C','available'),('2',6,'Economy',13,'D','available'),('2',6,'Economy',13,'E','available'),('2',6,'Economy',13,'F','available'),('2',6,'Economy',13,'G','available'),('2',6,'Economy',13,'H','available'),('2',6,'Economy',13,'I','available'),('2',6,'Economy',13,'J','available'),('2',6,'Economy',14,'A','available'),('2',6,'Economy',14,'B','available'),('2',6,'Economy',14,'C','available'),('2',6,'Economy',14,'D','available'),('2',6,'Economy',14,'E','available'),('2',6,'Economy',14,'F','available'),('2',6,'Economy',14,'G','available'),('2',6,'Economy',14,'H','available'),('2',6,'Economy',14,'I','available'),('2',6,'Economy',14,'J','available'),('2',6,'Economy',15,'A','available'),('2',6,'Economy',15,'B','available'),('2',6,'Economy',15,'C','available'),('2',6,'Economy',15,'D','available'),('2',6,'Economy',15,'E','available'),('2',6,'Economy',15,'F','available'),('2',6,'Economy',15,'G','available'),('2',6,'Economy',15,'H','available'),('2',6,'Economy',15,'I','available'),('2',6,'Economy',15,'J','taken'),('3',1,'Economy',1,'A','available'),('3',1,'Economy',1,'B','available'),('3',1,'Economy',1,'C','available'),('3',1,'Economy',1,'D','available'),('3',1,'Economy',1,'E','available'),('3',1,'Economy',1,'F','available'),('3',1,'Economy',2,'A','available'),('3',1,'Economy',2,'B','available'),('3',1,'Economy',2,'C','available'),('3',1,'Economy',2,'D','available'),('3',1,'Economy',2,'E','available'),('3',1,'Economy',2,'F','available'),('3',1,'Economy',3,'A','available'),('3',1,'Economy',3,'B','available'),('3',1,'Economy',3,'C','available'),('3',1,'Economy',3,'D','available'),('3',1,'Economy',3,'E','available'),('3',1,'Economy',3,'F','available'),('3',1,'Economy',4,'A','available'),('3',1,'Economy',4,'B','available'),('3',1,'Economy',4,'C','available'),('3',1,'Economy',4,'D','available'),('3',1,'Economy',4,'E','available'),('3',1,'Economy',4,'F','available'),('3',1,'Economy',5,'A','available'),('3',1,'Economy',5,'B','available'),('3',1,'Economy',5,'C','available'),('3',1,'Economy',5,'D','available'),('3',1,'Economy',5,'E','available'),('3',1,'Economy',5,'F','available'),('3',1,'Economy',6,'A','available'),('3',1,'Economy',6,'B','available'),('3',1,'Economy',6,'C','available'),('3',1,'Economy',6,'D','available'),('3',1,'Economy',6,'E','available'),('3',1,'Economy',6,'F','available'),('3',1,'Economy',7,'A','available'),('3',1,'Economy',7,'B','available'),('3',1,'Economy',7,'C','available'),('3',1,'Economy',7,'D','available'),('3',1,'Economy',7,'E','available'),('3',1,'Economy',7,'F','available'),('3',1,'Economy',8,'A','available'),('3',1,'Economy',8,'B','available'),('3',1,'Economy',8,'C','available'),('3',1,'Economy',8,'D','available'),('3',1,'Economy',8,'E','available'),('3',1,'Economy',8,'F','available'),('3',1,'Economy',9,'A','available'),('3',1,'Economy',9,'B','available'),('3',1,'Economy',9,'C','available'),('3',1,'Economy',9,'D','available'),('3',1,'Economy',9,'E','available'),('3',1,'Economy',9,'F','available'),('3',1,'Economy',10,'A','available'),('3',1,'Economy',10,'B','available'),('3',1,'Economy',10,'C','available'),('3',1,'Economy',10,'D','available'),('3',1,'Economy',10,'E','available'),('3',1,'Economy',10,'F','available'),('4',4,'Economy',1,'A','available'),('4',4,'Economy',1,'B','available'),('4',4,'Economy',1,'C','available'),('4',4,'Economy',1,'D','available'),('4',4,'Economy',2,'A','available'),('4',4,'Economy',2,'B','available'),('4',4,'Economy',2,'C','available'),('4',4,'Economy',2,'D','available'),('4',4,'Economy',3,'A','available'),('4',4,'Economy',3,'B','available'),('4',4,'Economy',3,'C','available'),('4',4,'Economy',3,'D','available'),('4',4,'Economy',4,'A','available'),('4',4,'Economy',4,'B','available'),('4',4,'Economy',4,'C','available'),('4',4,'Economy',4,'D','available'),('4',4,'Economy',5,'A','available'),('4',4,'Economy',5,'B','available'),('4',4,'Economy',5,'C','available'),('4',4,'Economy',5,'D','available'),('4',4,'Economy',6,'A','available'),('4',4,'Economy',6,'B','available'),('4',4,'Economy',6,'C','available'),('4',4,'Economy',6,'D','available'),('4',4,'Economy',7,'A','available'),('4',4,'Economy',7,'B','available'),('4',4,'Economy',7,'C','available'),('4',4,'Economy',7,'D','available'),('4',4,'Economy',8,'A','available'),('4',4,'Economy',8,'B','available'),('4',4,'Economy',8,'C','available'),('4',4,'Economy',8,'D','available'),('4',4,'Economy',9,'A','available'),('4',4,'Economy',9,'B','available'),('4',4,'Economy',9,'C','available'),('4',4,'Economy',9,'D','available'),('4',4,'Economy',10,'A','available'),('4',4,'Economy',10,'B','available'),('4',4,'Economy',10,'C','available'),('4',4,'Economy',10,'D','available'),('5',6,'Business',1,'A','available'),('5',6,'Business',1,'B','available'),('5',6,'Business',1,'C','available'),('5',6,'Business',1,'D','available'),('5',6,'Business',2,'A','available'),('5',6,'Business',2,'B','available'),('5',6,'Business',2,'C','available'),('5',6,'Business',2,'D','available'),('5',6,'Economy',1,'A','available'),('5',6,'Economy',1,'B','available'),('5',6,'Economy',1,'C','available'),('5',6,'Economy',1,'D','available'),('5',6,'Economy',1,'E','available'),('5',6,'Economy',1,'F','available'),('5',6,'Economy',1,'G','available'),('5',6,'Economy',1,'H','available'),('5',6,'Economy',1,'I','available'),('5',6,'Economy',1,'J','available'),('5',6,'Economy',2,'A','available'),('5',6,'Economy',2,'B','available'),('5',6,'Economy',2,'C','available'),('5',6,'Economy',2,'D','available'),('5',6,'Economy',2,'E','available'),('5',6,'Economy',2,'F','available'),('5',6,'Economy',2,'G','available'),('5',6,'Economy',2,'H','available'),('5',6,'Economy',2,'I','available'),('5',6,'Economy',2,'J','available'),('5',6,'Economy',3,'A','available'),('5',6,'Economy',3,'B','available'),('5',6,'Economy',3,'C','available'),('5',6,'Economy',3,'D','available'),('5',6,'Economy',3,'E','available'),('5',6,'Economy',3,'F','available'),('5',6,'Economy',3,'G','available'),('5',6,'Economy',3,'H','available'),('5',6,'Economy',3,'I','available'),('5',6,'Economy',3,'J','available'),('5',6,'Economy',4,'A','available'),('5',6,'Economy',4,'B','available'),('5',6,'Economy',4,'C','available'),('5',6,'Economy',4,'D','available'),('5',6,'Economy',4,'E','available'),('5',6,'Economy',4,'F','available'),('5',6,'Economy',4,'G','available'),('5',6,'Economy',4,'H','available'),('5',6,'Economy',4,'I','available'),('5',6,'Economy',4,'J','available'),('5',6,'Economy',5,'A','available'),('5',6,'Economy',5,'B','available'),('5',6,'Economy',5,'C','available'),('5',6,'Economy',5,'D','available'),('5',6,'Economy',5,'E','available'),('5',6,'Economy',5,'F','available'),('5',6,'Economy',5,'G','available'),('5',6,'Economy',5,'H','available'),('5',6,'Economy',5,'I','available'),('5',6,'Economy',5,'J','available'),('5',6,'Economy',6,'A','available'),('5',6,'Economy',6,'B','available'),('5',6,'Economy',6,'C','available'),('5',6,'Economy',6,'D','available'),('5',6,'Economy',6,'E','available'),('5',6,'Economy',6,'F','available'),('5',6,'Economy',6,'G','available'),('5',6,'Economy',6,'H','available'),('5',6,'Economy',6,'I','available'),('5',6,'Economy',6,'J','available'),('5',6,'Economy',7,'A','available'),('5',6,'Economy',7,'B','available'),('5',6,'Economy',7,'C','available'),('5',6,'Economy',7,'D','available'),('5',6,'Economy',7,'E','available'),('5',6,'Economy',7,'F','available'),('5',6,'Economy',7,'G','available'),('5',6,'Economy',7,'H','available'),('5',6,'Economy',7,'I','available'),('5',6,'Economy',7,'J','available'),('5',6,'Economy',8,'A','available'),('5',6,'Economy',8,'B','available'),('5',6,'Economy',8,'C','available'),('5',6,'Economy',8,'D','available'),('5',6,'Economy',8,'E','available'),('5',6,'Economy',8,'F','available'),('5',6,'Economy',8,'G','available'),('5',6,'Economy',8,'H','available'),('5',6,'Economy',8,'I','available'),('5',6,'Economy',8,'J','available'),('5',6,'Economy',9,'A','available'),('5',6,'Economy',9,'B','available'),('5',6,'Economy',9,'C','available'),('5',6,'Economy',9,'D','available'),('5',6,'Economy',9,'E','available'),('5',6,'Economy',9,'F','available'),('5',6,'Economy',9,'G','available'),('5',6,'Economy',9,'H','available'),('5',6,'Economy',9,'I','available'),('5',6,'Economy',9,'J','available'),('5',6,'Economy',10,'A','available'),('5',6,'Economy',10,'B','available'),('5',6,'Economy',10,'C','available'),('5',6,'Economy',10,'D','available'),('5',6,'Economy',10,'E','available'),('5',6,'Economy',10,'F','available'),('5',6,'Economy',10,'G','available'),('5',6,'Economy',10,'H','available'),('5',6,'Economy',10,'I','available'),('5',6,'Economy',10,'J','available'),('5',6,'Economy',11,'A','available'),('5',6,'Economy',11,'B','available'),('5',6,'Economy',11,'C','available'),('5',6,'Economy',11,'D','available'),('5',6,'Economy',11,'E','available'),('5',6,'Economy',11,'F','available'),('5',6,'Economy',11,'G','available'),('5',6,'Economy',11,'H','available'),('5',6,'Economy',11,'I','available'),('5',6,'Economy',11,'J','available'),('5',6,'Economy',12,'A','available'),('5',6,'Economy',12,'B','available'),('5',6,'Economy',12,'C','available'),('5',6,'Economy',12,'D','available'),('5',6,'Economy',12,'E','available'),('5',6,'Economy',12,'F','available'),('5',6,'Economy',12,'G','available'),('5',6,'Economy',12,'H','available'),('5',6,'Economy',12,'I','available'),('5',6,'Economy',12,'J','available'),('5',6,'Economy',13,'A','available'),('5',6,'Economy',13,'B','available'),('5',6,'Economy',13,'C','available'),('5',6,'Economy',13,'D','available'),('5',6,'Economy',13,'E','available'),('5',6,'Economy',13,'F','available'),('5',6,'Economy',13,'G','available'),('5',6,'Economy',13,'H','available'),('5',6,'Economy',13,'I','available'),('5',6,'Economy',13,'J','available'),('5',6,'Economy',14,'A','available'),('5',6,'Economy',14,'B','available'),('5',6,'Economy',14,'C','available'),('5',6,'Economy',14,'D','available'),('5',6,'Economy',14,'E','available'),('5',6,'Economy',14,'F','available'),('5',6,'Economy',14,'G','available'),('5',6,'Economy',14,'H','available'),('5',6,'Economy',14,'I','available'),('5',6,'Economy',14,'J','available'),('5',6,'Economy',15,'A','available'),('5',6,'Economy',15,'B','available'),('5',6,'Economy',15,'C','available'),('5',6,'Economy',15,'D','available'),('5',6,'Economy',15,'E','available'),('5',6,'Economy',15,'F','available'),('5',6,'Economy',15,'G','available'),('5',6,'Economy',15,'H','available'),('5',6,'Economy',15,'I','available'),('5',6,'Economy',15,'J','available'),('890',3,'Economy',1,'A','available'),('890',3,'Economy',1,'B','available'),('890',3,'Economy',1,'C','available'),('890',3,'Economy',1,'D','available'),('890',3,'Economy',2,'A','available'),('890',3,'Economy',2,'B','available'),('890',3,'Economy',2,'C','available'),('890',3,'Economy',2,'D','available'),('890',3,'Economy',3,'A','available'),('890',3,'Economy',3,'B','available'),('890',3,'Economy',3,'C','available'),('890',3,'Economy',3,'D','available'),('890',3,'Economy',4,'A','available'),('890',3,'Economy',4,'B','available'),('890',3,'Economy',4,'C','available'),('890',3,'Economy',4,'D','available'),('890',3,'Economy',5,'A','available'),('890',3,'Economy',5,'B','available'),('890',3,'Economy',5,'C','available'),('890',3,'Economy',5,'D','available'),('890',3,'Economy',6,'A','available'),('890',3,'Economy',6,'B','available'),('890',3,'Economy',6,'C','available'),('890',3,'Economy',6,'D','available'),('890',3,'Economy',7,'A','available'),('890',3,'Economy',7,'B','available'),('890',3,'Economy',7,'C','available'),('890',3,'Economy',7,'D','available'),('890',3,'Economy',8,'A','available'),('890',3,'Economy',8,'B','available'),('890',3,'Economy',8,'C','available'),('890',3,'Economy',8,'D','available'),('890',3,'Economy',9,'A','available'),('890',3,'Economy',9,'B','available'),('890',3,'Economy',9,'C','available'),('890',3,'Economy',9,'D','available'),('890',3,'Economy',10,'A','available'),('890',3,'Economy',10,'B','available'),('890',3,'Economy',10,'C','available'),('890',3,'Economy',10,'D','available'),('890',3,'Economy',11,'A','available'),('890',3,'Economy',11,'B','available'),('890',3,'Economy',11,'C','available'),('890',3,'Economy',11,'D','available'),('890',3,'Economy',12,'A','available'),('890',3,'Economy',12,'B','available'),('890',3,'Economy',12,'C','available'),('890',3,'Economy',12,'D','available'),('890',3,'Economy',13,'A','available'),('890',3,'Economy',13,'B','available'),('890',3,'Economy',13,'C','available'),('890',3,'Economy',13,'D','available'),('890',3,'Economy',14,'A','available'),('890',3,'Economy',14,'B','available'),('890',3,'Economy',14,'C','available'),('890',3,'Economy',14,'D','available'),('890',3,'Economy',15,'A','available'),('890',3,'Economy',15,'B','available'),('890',3,'Economy',15,'C','available'),('890',3,'Economy',15,'D','available'),('890',3,'Economy',16,'A','available'),('890',3,'Economy',16,'B','available'),('890',3,'Economy',16,'C','available'),('890',3,'Economy',16,'D','available'),('890',3,'Economy',17,'A','available'),('890',3,'Economy',17,'B','available'),('890',3,'Economy',17,'C','available'),('890',3,'Economy',17,'D','available'),('890',3,'Economy',18,'A','available'),('890',3,'Economy',18,'B','available'),('890',3,'Economy',18,'C','available'),('890',3,'Economy',18,'D','available'),('890',3,'Economy',19,'A','available'),('890',3,'Economy',19,'B','available'),('890',3,'Economy',19,'C','available'),('890',3,'Economy',19,'D','available'),('890',3,'Economy',20,'A','available'),('890',3,'Economy',20,'B','available'),('890',3,'Economy',20,'C','available'),('890',3,'Economy',20,'D','available'),('F1001',1,'Economy',1,'A','available'),('F1001',1,'Economy',1,'B','available'),('F1001',1,'Economy',1,'C','available'),('F1001',1,'Economy',1,'D','available'),('F1001',1,'Economy',1,'E','available'),('F1001',1,'Economy',1,'F','available'),('F1001',1,'Economy',2,'A','available'),('F1001',1,'Economy',2,'B','available'),('F1001',1,'Economy',2,'C','available'),('F1001',1,'Economy',2,'D','available'),('F1001',1,'Economy',2,'E','available'),('F1001',1,'Economy',2,'F','available'),('F1001',1,'Economy',3,'A','available'),('F1001',1,'Economy',3,'B','available'),('F1001',1,'Economy',3,'C','available'),('F1001',1,'Economy',3,'D','available'),('F1001',1,'Economy',3,'E','available'),('F1001',1,'Economy',3,'F','available'),('F1001',1,'Economy',4,'A','available'),('F1001',1,'Economy',4,'B','available'),('F1001',1,'Economy',4,'C','available'),('F1001',1,'Economy',4,'D','available'),('F1001',1,'Economy',4,'E','available'),('F1001',1,'Economy',4,'F','available'),('F1001',1,'Economy',5,'A','available'),('F1001',1,'Economy',5,'B','available'),('F1001',1,'Economy',5,'C','available'),('F1001',1,'Economy',5,'D','available'),('F1001',1,'Economy',5,'E','available'),('F1001',1,'Economy',5,'F','available'),('F1001',1,'Economy',6,'A','available'),('F1001',1,'Economy',6,'B','available'),('F1001',1,'Economy',6,'C','available'),('F1001',1,'Economy',6,'D','available'),('F1001',1,'Economy',6,'E','available'),('F1001',1,'Economy',6,'F','available'),('F1001',1,'Economy',7,'A','available'),('F1001',1,'Economy',7,'B','available'),('F1001',1,'Economy',7,'C','available'),('F1001',1,'Economy',7,'D','available'),('F1001',1,'Economy',7,'E','available'),('F1001',1,'Economy',7,'F','available'),('F1001',1,'Economy',8,'A','available'),('F1001',1,'Economy',8,'B','available'),('F1001',1,'Economy',8,'C','available'),('F1001',1,'Economy',8,'D','available'),('F1001',1,'Economy',8,'E','available'),('F1001',1,'Economy',8,'F','available'),('F1001',1,'Economy',9,'A','available'),('F1001',1,'Economy',9,'B','available'),('F1001',1,'Economy',9,'C','available'),('F1001',1,'Economy',9,'D','available'),('F1001',1,'Economy',9,'E','available'),('F1001',1,'Economy',9,'F','available'),('F1001',1,'Economy',10,'A','available'),('F1001',1,'Economy',10,'B','available'),('F1001',1,'Economy',10,'C','available'),('F1001',1,'Economy',10,'D','available'),('F1001',1,'Economy',10,'E','available'),('F1001',1,'Economy',10,'F','available'),('F1002',2,'Economy',1,'A','available'),('F1002',2,'Economy',1,'B','available'),('F1002',2,'Economy',1,'C','available'),('F1002',2,'Economy',1,'D','available'),('F1002',2,'Economy',2,'A','available'),('F1002',2,'Economy',2,'B','available'),('F1002',2,'Economy',2,'C','available'),('F1002',2,'Economy',2,'D','available'),('F1002',2,'Economy',3,'A','available'),('F1002',2,'Economy',3,'B','available'),('F1002',2,'Economy',3,'C','available'),('F1002',2,'Economy',3,'D','available'),('F1002',2,'Economy',4,'A','available'),('F1002',2,'Economy',4,'B','available'),('F1002',2,'Economy',4,'C','available'),('F1002',2,'Economy',4,'D','available'),('F1002',2,'Economy',5,'A','available'),('F1002',2,'Economy',5,'B','available'),('F1002',2,'Economy',5,'C','available'),('F1002',2,'Economy',5,'D','available'),('F1002',2,'Economy',6,'A','available'),('F1002',2,'Economy',6,'B','available'),('F1002',2,'Economy',6,'C','available'),('F1002',2,'Economy',6,'D','available'),('F1002',2,'Economy',7,'A','available'),('F1002',2,'Economy',7,'B','available'),('F1002',2,'Economy',7,'C','available'),('F1002',2,'Economy',7,'D','available'),('F1002',2,'Economy',8,'A','available'),('F1002',2,'Economy',8,'B','available'),('F1002',2,'Economy',8,'C','available'),('F1002',2,'Economy',8,'D','available'),('F1002',2,'Economy',9,'A','available'),('F1002',2,'Economy',9,'B','available'),('F1002',2,'Economy',9,'C','available'),('F1002',2,'Economy',9,'D','available'),('F1002',2,'Economy',10,'A','available'),('F1002',2,'Economy',10,'B','available'),('F1002',2,'Economy',10,'C','available'),('F1002',2,'Economy',10,'D','available'),('F1002',2,'Economy',11,'A','available'),('F1002',2,'Economy',11,'B','available'),('F1002',2,'Economy',11,'C','available'),('F1002',2,'Economy',11,'D','available'),('F1002',2,'Economy',12,'A','available'),('F1002',2,'Economy',12,'B','available'),('F1002',2,'Economy',12,'C','available'),('F1002',2,'Economy',12,'D','available'),('F1002',2,'Economy',13,'A','available'),('F1002',2,'Economy',13,'B','available'),('F1002',2,'Economy',13,'C','available'),('F1002',2,'Economy',13,'D','available'),('F1002',2,'Economy',14,'A','available'),('F1002',2,'Economy',14,'B','available'),('F1002',2,'Economy',14,'C','available'),('F1002',2,'Economy',14,'D','available'),('F1002',2,'Economy',15,'A','available'),('F1002',2,'Economy',15,'B','available'),('F1002',2,'Economy',15,'C','available'),('F1002',2,'Economy',15,'D','available'),('F1003',5,'Business',1,'A','taken'),('F1003',5,'Business',1,'B','available'),('F1003',5,'Business',1,'C','available'),('F1003',5,'Business',1,'D','available'),('F1003',5,'Business',2,'A','available'),('F1003',5,'Business',2,'B','available'),('F1003',5,'Business',2,'C','available'),('F1003',5,'Business',2,'D','available'),('F1003',5,'Business',3,'A','available'),('F1003',5,'Business',3,'B','available'),('F1003',5,'Business',3,'C','available'),('F1003',5,'Business',3,'D','available'),('F1003',5,'Economy',1,'A','available'),('F1003',5,'Economy',1,'B','available'),('F1003',5,'Economy',1,'C','available'),('F1003',5,'Economy',1,'D','available'),('F1003',5,'Economy',1,'E','available'),('F1003',5,'Economy',1,'F','available'),('F1003',5,'Economy',1,'G','available'),('F1003',5,'Economy',1,'H','available'),('F1003',5,'Economy',1,'I','available'),('F1003',5,'Economy',2,'A','available'),('F1003',5,'Economy',2,'B','available'),('F1003',5,'Economy',2,'C','available'),('F1003',5,'Economy',2,'D','available'),('F1003',5,'Economy',2,'E','available'),('F1003',5,'Economy',2,'F','available'),('F1003',5,'Economy',2,'G','available'),('F1003',5,'Economy',2,'H','available'),('F1003',5,'Economy',2,'I','available'),('F1003',5,'Economy',3,'A','available'),('F1003',5,'Economy',3,'B','available'),('F1003',5,'Economy',3,'C','available'),('F1003',5,'Economy',3,'D','available'),('F1003',5,'Economy',3,'E','available'),('F1003',5,'Economy',3,'F','available'),('F1003',5,'Economy',3,'G','available'),('F1003',5,'Economy',3,'H','available'),('F1003',5,'Economy',3,'I','available'),('F1003',5,'Economy',4,'A','available'),('F1003',5,'Economy',4,'B','available'),('F1003',5,'Economy',4,'C','available'),('F1003',5,'Economy',4,'D','available'),('F1003',5,'Economy',4,'E','available'),('F1003',5,'Economy',4,'F','available'),('F1003',5,'Economy',4,'G','available'),('F1003',5,'Economy',4,'H','available'),('F1003',5,'Economy',4,'I','available'),('F1003',5,'Economy',5,'A','available'),('F1003',5,'Economy',5,'B','available'),('F1003',5,'Economy',5,'C','available'),('F1003',5,'Economy',5,'D','available'),('F1003',5,'Economy',5,'E','available'),('F1003',5,'Economy',5,'F','available'),('F1003',5,'Economy',5,'G','available'),('F1003',5,'Economy',5,'H','available'),('F1003',5,'Economy',5,'I','available'),('F1003',5,'Economy',6,'A','available'),('F1003',5,'Economy',6,'B','available'),('F1003',5,'Economy',6,'C','available'),('F1003',5,'Economy',6,'D','available'),('F1003',5,'Economy',6,'E','available'),('F1003',5,'Economy',6,'F','available'),('F1003',5,'Economy',6,'G','available'),('F1003',5,'Economy',6,'H','available'),('F1003',5,'Economy',6,'I','available'),('F1003',5,'Economy',7,'A','available'),('F1003',5,'Economy',7,'B','available'),('F1003',5,'Economy',7,'C','available'),('F1003',5,'Economy',7,'D','available'),('F1003',5,'Economy',7,'E','available'),('F1003',5,'Economy',7,'F','available'),('F1003',5,'Economy',7,'G','available'),('F1003',5,'Economy',7,'H','available'),('F1003',5,'Economy',7,'I','available'),('F1003',5,'Economy',8,'A','available'),('F1003',5,'Economy',8,'B','available'),('F1003',5,'Economy',8,'C','available'),('F1003',5,'Economy',8,'D','available'),('F1003',5,'Economy',8,'E','available'),('F1003',5,'Economy',8,'F','available'),('F1003',5,'Economy',8,'G','available'),('F1003',5,'Economy',8,'H','available'),('F1003',5,'Economy',8,'I','available'),('F1003',5,'Economy',9,'A','available'),('F1003',5,'Economy',9,'B','available'),('F1003',5,'Economy',9,'C','available'),('F1003',5,'Economy',9,'D','available'),('F1003',5,'Economy',9,'E','available'),('F1003',5,'Economy',9,'F','available'),('F1003',5,'Economy',9,'G','available'),('F1003',5,'Economy',9,'H','available'),('F1003',5,'Economy',9,'I','available'),('F1003',5,'Economy',10,'A','available'),('F1003',5,'Economy',10,'B','available'),('F1003',5,'Economy',10,'C','available'),('F1003',5,'Economy',10,'D','available'),('F1003',5,'Economy',10,'E','available'),('F1003',5,'Economy',10,'F','available'),('F1003',5,'Economy',10,'G','available'),('F1003',5,'Economy',10,'H','available'),('F1003',5,'Economy',10,'I','available'),('F1003',5,'Economy',11,'A','available'),('F1003',5,'Economy',11,'B','available'),('F1003',5,'Economy',11,'C','available'),('F1003',5,'Economy',11,'D','available'),('F1003',5,'Economy',11,'E','available'),('F1003',5,'Economy',11,'F','available'),('F1003',5,'Economy',11,'G','available'),('F1003',5,'Economy',11,'H','available'),('F1003',5,'Economy',11,'I','available'),('F1003',5,'Economy',12,'A','available'),('F1003',5,'Economy',12,'B','available'),('F1003',5,'Economy',12,'C','available'),('F1003',5,'Economy',12,'D','available'),('F1003',5,'Economy',12,'E','available'),('F1003',5,'Economy',12,'F','available'),('F1003',5,'Economy',12,'G','available'),('F1003',5,'Economy',12,'H','available'),('F1003',5,'Economy',12,'I','available'),('F1003',5,'Economy',13,'A','available'),('F1003',5,'Economy',13,'B','available'),('F1003',5,'Economy',13,'C','available'),('F1003',5,'Economy',13,'D','available'),('F1003',5,'Economy',13,'E','available'),('F1003',5,'Economy',13,'F','available'),('F1003',5,'Economy',13,'G','available'),('F1003',5,'Economy',13,'H','available'),('F1003',5,'Economy',13,'I','available'),('F1003',5,'Economy',14,'A','available'),('F1003',5,'Economy',14,'B','available'),('F1003',5,'Economy',14,'C','available'),('F1003',5,'Economy',14,'D','available'),('F1003',5,'Economy',14,'E','available'),('F1003',5,'Economy',14,'F','available'),('F1003',5,'Economy',14,'G','available'),('F1003',5,'Economy',14,'H','available'),('F1003',5,'Economy',14,'I','available'),('F1003',5,'Economy',15,'A','available'),('F1003',5,'Economy',15,'B','available'),('F1003',5,'Economy',15,'C','available'),('F1003',5,'Economy',15,'D','available'),('F1003',5,'Economy',15,'E','available'),('F1003',5,'Economy',15,'F','available'),('F1003',5,'Economy',15,'G','available'),('F1003',5,'Economy',15,'H','available'),('F1003',5,'Economy',15,'I','available'),('F1003',5,'Economy',16,'A','available'),('F1003',5,'Economy',16,'B','available'),('F1003',5,'Economy',16,'C','available'),('F1003',5,'Economy',16,'D','available'),('F1003',5,'Economy',16,'E','available'),('F1003',5,'Economy',16,'F','available'),('F1003',5,'Economy',16,'G','available'),('F1003',5,'Economy',16,'H','available'),('F1003',5,'Economy',16,'I','available'),('F1003',5,'Economy',17,'A','available'),('F1003',5,'Economy',17,'B','available'),('F1003',5,'Economy',17,'C','available'),('F1003',5,'Economy',17,'D','available'),('F1003',5,'Economy',17,'E','available'),('F1003',5,'Economy',17,'F','available'),('F1003',5,'Economy',17,'G','available'),('F1003',5,'Economy',17,'H','available'),('F1003',5,'Economy',17,'I','available'),('F1003',5,'Economy',18,'A','available'),('F1003',5,'Economy',18,'B','available'),('F1003',5,'Economy',18,'C','available'),('F1003',5,'Economy',18,'D','available'),('F1003',5,'Economy',18,'E','available'),('F1003',5,'Economy',18,'F','available'),('F1003',5,'Economy',18,'G','available'),('F1003',5,'Economy',18,'H','available'),('F1003',5,'Economy',18,'I','available'),('F1003',5,'Economy',19,'A','available'),('F1003',5,'Economy',19,'B','available'),('F1003',5,'Economy',19,'C','available'),('F1003',5,'Economy',19,'D','available'),('F1003',5,'Economy',19,'E','available'),('F1003',5,'Economy',19,'F','available'),('F1003',5,'Economy',19,'G','available'),('F1003',5,'Economy',19,'H','available'),('F1003',5,'Economy',19,'I','available'),('F1003',5,'Economy',20,'A','available'),('F1003',5,'Economy',20,'B','available'),('F1003',5,'Economy',20,'C','available'),('F1003',5,'Economy',20,'D','available'),('F1003',5,'Economy',20,'E','available'),('F1003',5,'Economy',20,'F','available'),('F1003',5,'Economy',20,'G','available'),('F1003',5,'Economy',20,'H','available'),('F1003',5,'Economy',20,'I','available'),('F1004',4,'Economy',1,'A','available'),('F1004',4,'Economy',1,'B','available'),('F1004',4,'Economy',1,'C','available'),('F1004',4,'Economy',1,'D','available'),('F1004',4,'Economy',2,'A','available'),('F1004',4,'Economy',2,'B','available'),('F1004',4,'Economy',2,'C','available'),('F1004',4,'Economy',2,'D','available'),('F1004',4,'Economy',3,'A','available'),('F1004',4,'Economy',3,'B','available'),('F1004',4,'Economy',3,'C','available'),('F1004',4,'Economy',3,'D','available'),('F1004',4,'Economy',4,'A','available'),('F1004',4,'Economy',4,'B','available'),('F1004',4,'Economy',4,'C','available'),('F1004',4,'Economy',4,'D','available'),('F1004',4,'Economy',5,'A','available'),('F1004',4,'Economy',5,'B','available'),('F1004',4,'Economy',5,'C','available'),('F1004',4,'Economy',5,'D','available'),('F1004',4,'Economy',6,'A','available'),('F1004',4,'Economy',6,'B','available'),('F1004',4,'Economy',6,'C','available'),('F1004',4,'Economy',6,'D','available'),('F1004',4,'Economy',7,'A','available'),('F1004',4,'Economy',7,'B','available'),('F1004',4,'Economy',7,'C','available'),('F1004',4,'Economy',7,'D','available'),('F1004',4,'Economy',8,'A','available'),('F1004',4,'Economy',8,'B','available'),('F1004',4,'Economy',8,'C','available'),('F1004',4,'Economy',8,'D','available'),('F1004',4,'Economy',9,'A','available'),('F1004',4,'Economy',9,'B','available'),('F1004',4,'Economy',9,'C','available'),('F1004',4,'Economy',9,'D','available'),('F1004',4,'Economy',10,'A','available'),('F1004',4,'Economy',10,'B','available'),('F1004',4,'Economy',10,'C','available'),('F1004',4,'Economy',10,'D','available'),('F1005',5,'Business',1,'A','available'),('F1005',5,'Business',1,'B','available'),('F1005',5,'Business',1,'C','available'),('F1005',5,'Business',1,'D','available'),('F1005',5,'Business',2,'A','available'),('F1005',5,'Business',2,'B','available'),('F1005',5,'Business',2,'C','available'),('F1005',5,'Business',2,'D','available'),('F1005',5,'Business',3,'A','available'),('F1005',5,'Business',3,'B','available'),('F1005',5,'Business',3,'C','available'),('F1005',5,'Business',3,'D','available'),('F1005',5,'Economy',1,'A','available'),('F1005',5,'Economy',1,'B','available'),('F1005',5,'Economy',1,'C','available'),('F1005',5,'Economy',1,'D','available'),('F1005',5,'Economy',1,'E','available'),('F1005',5,'Economy',1,'F','available'),('F1005',5,'Economy',1,'G','available'),('F1005',5,'Economy',1,'H','available'),('F1005',5,'Economy',1,'I','available'),('F1005',5,'Economy',2,'A','available'),('F1005',5,'Economy',2,'B','available'),('F1005',5,'Economy',2,'C','available'),('F1005',5,'Economy',2,'D','available'),('F1005',5,'Economy',2,'E','available'),('F1005',5,'Economy',2,'F','available'),('F1005',5,'Economy',2,'G','available'),('F1005',5,'Economy',2,'H','available'),('F1005',5,'Economy',2,'I','available'),('F1005',5,'Economy',3,'A','available'),('F1005',5,'Economy',3,'B','available'),('F1005',5,'Economy',3,'C','available'),('F1005',5,'Economy',3,'D','available'),('F1005',5,'Economy',3,'E','available'),('F1005',5,'Economy',3,'F','available'),('F1005',5,'Economy',3,'G','available'),('F1005',5,'Economy',3,'H','available'),('F1005',5,'Economy',3,'I','available'),('F1005',5,'Economy',4,'A','available'),('F1005',5,'Economy',4,'B','available'),('F1005',5,'Economy',4,'C','available'),('F1005',5,'Economy',4,'D','available'),('F1005',5,'Economy',4,'E','available'),('F1005',5,'Economy',4,'F','available'),('F1005',5,'Economy',4,'G','available'),('F1005',5,'Economy',4,'H','available'),('F1005',5,'Economy',4,'I','available'),('F1005',5,'Economy',5,'A','available'),('F1005',5,'Economy',5,'B','available'),('F1005',5,'Economy',5,'C','available'),('F1005',5,'Economy',5,'D','available'),('F1005',5,'Economy',5,'E','available'),('F1005',5,'Economy',5,'F','available'),('F1005',5,'Economy',5,'G','available'),('F1005',5,'Economy',5,'H','available'),('F1005',5,'Economy',5,'I','available'),('F1005',5,'Economy',6,'A','available'),('F1005',5,'Economy',6,'B','available'),('F1005',5,'Economy',6,'C','available'),('F1005',5,'Economy',6,'D','available'),('F1005',5,'Economy',6,'E','available'),('F1005',5,'Economy',6,'F','available'),('F1005',5,'Economy',6,'G','available'),('F1005',5,'Economy',6,'H','available'),('F1005',5,'Economy',6,'I','available'),('F1005',5,'Economy',7,'A','available'),('F1005',5,'Economy',7,'B','available'),('F1005',5,'Economy',7,'C','available'),('F1005',5,'Economy',7,'D','available'),('F1005',5,'Economy',7,'E','available'),('F1005',5,'Economy',7,'F','available'),('F1005',5,'Economy',7,'G','available'),('F1005',5,'Economy',7,'H','available'),('F1005',5,'Economy',7,'I','available'),('F1005',5,'Economy',8,'A','available'),('F1005',5,'Economy',8,'B','available'),('F1005',5,'Economy',8,'C','available'),('F1005',5,'Economy',8,'D','available'),('F1005',5,'Economy',8,'E','available'),('F1005',5,'Economy',8,'F','available'),('F1005',5,'Economy',8,'G','available'),('F1005',5,'Economy',8,'H','available'),('F1005',5,'Economy',8,'I','available'),('F1005',5,'Economy',9,'A','available'),('F1005',5,'Economy',9,'B','available'),('F1005',5,'Economy',9,'C','available'),('F1005',5,'Economy',9,'D','available'),('F1005',5,'Economy',9,'E','available'),('F1005',5,'Economy',9,'F','available'),('F1005',5,'Economy',9,'G','available'),('F1005',5,'Economy',9,'H','available'),('F1005',5,'Economy',9,'I','available'),('F1005',5,'Economy',10,'A','available'),('F1005',5,'Economy',10,'B','available'),('F1005',5,'Economy',10,'C','available'),('F1005',5,'Economy',10,'D','available'),('F1005',5,'Economy',10,'E','available'),('F1005',5,'Economy',10,'F','available'),('F1005',5,'Economy',10,'G','available'),('F1005',5,'Economy',10,'H','available'),('F1005',5,'Economy',10,'I','available'),('F1005',5,'Economy',11,'A','available'),('F1005',5,'Economy',11,'B','available'),('F1005',5,'Economy',11,'C','available'),('F1005',5,'Economy',11,'D','available'),('F1005',5,'Economy',11,'E','available'),('F1005',5,'Economy',11,'F','available'),('F1005',5,'Economy',11,'G','available'),('F1005',5,'Economy',11,'H','available'),('F1005',5,'Economy',11,'I','available'),('F1005',5,'Economy',12,'A','available'),('F1005',5,'Economy',12,'B','available'),('F1005',5,'Economy',12,'C','available'),('F1005',5,'Economy',12,'D','available'),('F1005',5,'Economy',12,'E','available'),('F1005',5,'Economy',12,'F','available'),('F1005',5,'Economy',12,'G','available'),('F1005',5,'Economy',12,'H','available'),('F1005',5,'Economy',12,'I','available'),('F1005',5,'Economy',13,'A','available'),('F1005',5,'Economy',13,'B','available'),('F1005',5,'Economy',13,'C','available'),('F1005',5,'Economy',13,'D','available'),('F1005',5,'Economy',13,'E','available'),('F1005',5,'Economy',13,'F','available'),('F1005',5,'Economy',13,'G','available'),('F1005',5,'Economy',13,'H','available'),('F1005',5,'Economy',13,'I','available'),('F1005',5,'Economy',14,'A','available'),('F1005',5,'Economy',14,'B','available'),('F1005',5,'Economy',14,'C','available'),('F1005',5,'Economy',14,'D','available'),('F1005',5,'Economy',14,'E','available'),('F1005',5,'Economy',14,'F','available'),('F1005',5,'Economy',14,'G','available'),('F1005',5,'Economy',14,'H','available'),('F1005',5,'Economy',14,'I','available'),('F1005',5,'Economy',15,'A','available'),('F1005',5,'Economy',15,'B','available'),('F1005',5,'Economy',15,'C','available'),('F1005',5,'Economy',15,'D','available'),('F1005',5,'Economy',15,'E','available'),('F1005',5,'Economy',15,'F','available'),('F1005',5,'Economy',15,'G','available'),('F1005',5,'Economy',15,'H','available'),('F1005',5,'Economy',15,'I','available'),('F1005',5,'Economy',16,'A','available'),('F1005',5,'Economy',16,'B','available'),('F1005',5,'Economy',16,'C','available'),('F1005',5,'Economy',16,'D','available'),('F1005',5,'Economy',16,'E','available'),('F1005',5,'Economy',16,'F','available'),('F1005',5,'Economy',16,'G','available'),('F1005',5,'Economy',16,'H','available'),('F1005',5,'Economy',16,'I','available'),('F1005',5,'Economy',17,'A','available'),('F1005',5,'Economy',17,'B','available'),('F1005',5,'Economy',17,'C','available'),('F1005',5,'Economy',17,'D','available'),('F1005',5,'Economy',17,'E','available'),('F1005',5,'Economy',17,'F','available'),('F1005',5,'Economy',17,'G','available'),('F1005',5,'Economy',17,'H','available'),('F1005',5,'Economy',17,'I','available'),('F1005',5,'Economy',18,'A','available'),('F1005',5,'Economy',18,'B','available'),('F1005',5,'Economy',18,'C','available'),('F1005',5,'Economy',18,'D','available'),('F1005',5,'Economy',18,'E','available'),('F1005',5,'Economy',18,'F','available'),('F1005',5,'Economy',18,'G','available'),('F1005',5,'Economy',18,'H','available'),('F1005',5,'Economy',18,'I','available'),('F1005',5,'Economy',19,'A','available'),('F1005',5,'Economy',19,'B','available'),('F1005',5,'Economy',19,'C','available'),('F1005',5,'Economy',19,'D','available'),('F1005',5,'Economy',19,'E','available'),('F1005',5,'Economy',19,'F','available'),('F1005',5,'Economy',19,'G','available'),('F1005',5,'Economy',19,'H','available'),('F1005',5,'Economy',19,'I','available'),('F1005',5,'Economy',20,'A','available'),('F1005',5,'Economy',20,'B','available'),('F1005',5,'Economy',20,'C','available'),('F1005',5,'Economy',20,'D','available'),('F1005',5,'Economy',20,'E','available'),('F1005',5,'Economy',20,'F','available'),('F1005',5,'Economy',20,'G','available'),('F1005',5,'Economy',20,'H','available'),('F1005',5,'Economy',20,'I','available'),('F1006',6,'Business',1,'A','available'),('F1006',6,'Business',1,'B','available'),('F1006',6,'Business',1,'C','available'),('F1006',6,'Business',1,'D','available'),('F1006',6,'Business',2,'A','available'),('F1006',6,'Business',2,'B','available'),('F1006',6,'Business',2,'C','available'),('F1006',6,'Business',2,'D','available'),('F1006',6,'Economy',1,'A','available'),('F1006',6,'Economy',1,'B','available'),('F1006',6,'Economy',1,'C','available'),('F1006',6,'Economy',1,'D','available'),('F1006',6,'Economy',1,'E','available'),('F1006',6,'Economy',1,'F','available'),('F1006',6,'Economy',1,'G','available'),('F1006',6,'Economy',1,'H','available'),('F1006',6,'Economy',1,'I','available'),('F1006',6,'Economy',1,'J','available'),('F1006',6,'Economy',2,'A','available'),('F1006',6,'Economy',2,'B','available'),('F1006',6,'Economy',2,'C','available'),('F1006',6,'Economy',2,'D','available'),('F1006',6,'Economy',2,'E','available'),('F1006',6,'Economy',2,'F','available'),('F1006',6,'Economy',2,'G','available'),('F1006',6,'Economy',2,'H','available'),('F1006',6,'Economy',2,'I','available'),('F1006',6,'Economy',2,'J','available'),('F1006',6,'Economy',3,'A','available'),('F1006',6,'Economy',3,'B','available'),('F1006',6,'Economy',3,'C','available'),('F1006',6,'Economy',3,'D','available'),('F1006',6,'Economy',3,'E','available'),('F1006',6,'Economy',3,'F','available'),('F1006',6,'Economy',3,'G','available'),('F1006',6,'Economy',3,'H','available'),('F1006',6,'Economy',3,'I','available'),('F1006',6,'Economy',3,'J','available'),('F1006',6,'Economy',4,'A','available'),('F1006',6,'Economy',4,'B','available'),('F1006',6,'Economy',4,'C','available'),('F1006',6,'Economy',4,'D','available'),('F1006',6,'Economy',4,'E','available'),('F1006',6,'Economy',4,'F','available'),('F1006',6,'Economy',4,'G','available'),('F1006',6,'Economy',4,'H','available'),('F1006',6,'Economy',4,'I','available'),('F1006',6,'Economy',4,'J','available'),('F1006',6,'Economy',5,'A','available'),('F1006',6,'Economy',5,'B','available'),('F1006',6,'Economy',5,'C','available'),('F1006',6,'Economy',5,'D','available'),('F1006',6,'Economy',5,'E','available'),('F1006',6,'Economy',5,'F','available'),('F1006',6,'Economy',5,'G','available'),('F1006',6,'Economy',5,'H','available'),('F1006',6,'Economy',5,'I','available'),('F1006',6,'Economy',5,'J','available'),('F1006',6,'Economy',6,'A','available'),('F1006',6,'Economy',6,'B','available'),('F1006',6,'Economy',6,'C','available'),('F1006',6,'Economy',6,'D','available'),('F1006',6,'Economy',6,'E','available'),('F1006',6,'Economy',6,'F','available'),('F1006',6,'Economy',6,'G','available'),('F1006',6,'Economy',6,'H','available'),('F1006',6,'Economy',6,'I','available'),('F1006',6,'Economy',6,'J','available'),('F1006',6,'Economy',7,'A','available'),('F1006',6,'Economy',7,'B','available'),('F1006',6,'Economy',7,'C','available'),('F1006',6,'Economy',7,'D','available'),('F1006',6,'Economy',7,'E','available'),('F1006',6,'Economy',7,'F','available'),('F1006',6,'Economy',7,'G','available'),('F1006',6,'Economy',7,'H','available'),('F1006',6,'Economy',7,'I','available'),('F1006',6,'Economy',7,'J','available'),('F1006',6,'Economy',8,'A','available'),('F1006',6,'Economy',8,'B','available'),('F1006',6,'Economy',8,'C','available'),('F1006',6,'Economy',8,'D','available'),('F1006',6,'Economy',8,'E','available'),('F1006',6,'Economy',8,'F','available'),('F1006',6,'Economy',8,'G','available'),('F1006',6,'Economy',8,'H','available'),('F1006',6,'Economy',8,'I','available'),('F1006',6,'Economy',8,'J','available'),('F1006',6,'Economy',9,'A','available'),('F1006',6,'Economy',9,'B','available'),('F1006',6,'Economy',9,'C','available'),('F1006',6,'Economy',9,'D','available'),('F1006',6,'Economy',9,'E','available'),('F1006',6,'Economy',9,'F','available'),('F1006',6,'Economy',9,'G','available'),('F1006',6,'Economy',9,'H','available'),('F1006',6,'Economy',9,'I','available'),('F1006',6,'Economy',9,'J','available'),('F1006',6,'Economy',10,'A','available'),('F1006',6,'Economy',10,'B','available'),('F1006',6,'Economy',10,'C','available'),('F1006',6,'Economy',10,'D','taken'),('F1006',6,'Economy',10,'E','taken'),('F1006',6,'Economy',10,'F','taken'),('F1006',6,'Economy',10,'G','taken'),('F1006',6,'Economy',10,'H','available'),('F1006',6,'Economy',10,'I','available'),('F1006',6,'Economy',10,'J','available'),('F1006',6,'Economy',11,'A','available'),('F1006',6,'Economy',11,'B','available'),('F1006',6,'Economy',11,'C','available'),('F1006',6,'Economy',11,'D','available'),('F1006',6,'Economy',11,'E','available'),('F1006',6,'Economy',11,'F','available'),('F1006',6,'Economy',11,'G','available'),('F1006',6,'Economy',11,'H','available'),('F1006',6,'Economy',11,'I','available'),('F1006',6,'Economy',11,'J','available'),('F1006',6,'Economy',12,'A','available'),('F1006',6,'Economy',12,'B','available'),('F1006',6,'Economy',12,'C','available'),('F1006',6,'Economy',12,'D','available'),('F1006',6,'Economy',12,'E','available'),('F1006',6,'Economy',12,'F','available'),('F1006',6,'Economy',12,'G','available'),('F1006',6,'Economy',12,'H','available'),('F1006',6,'Economy',12,'I','available'),('F1006',6,'Economy',12,'J','available'),('F1006',6,'Economy',13,'A','available'),('F1006',6,'Economy',13,'B','available'),('F1006',6,'Economy',13,'C','available'),('F1006',6,'Economy',13,'D','available'),('F1006',6,'Economy',13,'E','available'),('F1006',6,'Economy',13,'F','available'),('F1006',6,'Economy',13,'G','available'),('F1006',6,'Economy',13,'H','available'),('F1006',6,'Economy',13,'I','available'),('F1006',6,'Economy',13,'J','available'),('F1006',6,'Economy',14,'A','available'),('F1006',6,'Economy',14,'B','available'),('F1006',6,'Economy',14,'C','available'),('F1006',6,'Economy',14,'D','available'),('F1006',6,'Economy',14,'E','available'),('F1006',6,'Economy',14,'F','available'),('F1006',6,'Economy',14,'G','available'),('F1006',6,'Economy',14,'H','available'),('F1006',6,'Economy',14,'I','available'),('F1006',6,'Economy',14,'J','available'),('F1006',6,'Economy',15,'A','available'),('F1006',6,'Economy',15,'B','available'),('F1006',6,'Economy',15,'C','available'),('F1006',6,'Economy',15,'D','available'),('F1006',6,'Economy',15,'E','available'),('F1006',6,'Economy',15,'F','available'),('F1006',6,'Economy',15,'G','available'),('F1006',6,'Economy',15,'H','available'),('F1006',6,'Economy',15,'I','available'),('F1006',6,'Economy',15,'J','available'),('F1007',8,'Business',1,'A','available'),('F1007',8,'Business',1,'B','available'),('F1007',8,'Business',1,'C','available'),('F1007',8,'Business',1,'D','available'),('F1007',8,'Business',1,'E','available'),('F1007',8,'Business',2,'A','available'),('F1007',8,'Business',2,'B','available'),('F1007',8,'Business',2,'C','available'),('F1007',8,'Business',2,'D','available'),('F1007',8,'Business',2,'E','available'),('F1007',8,'Business',3,'A','available'),('F1007',8,'Business',3,'B','available'),('F1007',8,'Business',3,'C','available'),('F1007',8,'Business',3,'D','available'),('F1007',8,'Business',3,'E','available'),('F1007',8,'Business',4,'A','available'),('F1007',8,'Business',4,'B','available'),('F1007',8,'Business',4,'C','available'),('F1007',8,'Business',4,'D','available'),('F1007',8,'Business',4,'E','available'),('F1007',8,'Business',5,'A','available'),('F1007',8,'Business',5,'B','available'),('F1007',8,'Business',5,'C','available'),('F1007',8,'Business',5,'D','available'),('F1007',8,'Business',5,'E','available'),('F1007',8,'Economy',1,'A','available'),('F1007',8,'Economy',1,'B','available'),('F1007',8,'Economy',1,'C','available'),('F1007',8,'Economy',1,'D','available'),('F1007',8,'Economy',1,'E','available'),('F1007',8,'Economy',2,'A','available'),('F1007',8,'Economy',2,'B','available'),('F1007',8,'Economy',2,'C','available'),('F1007',8,'Economy',2,'D','available'),('F1007',8,'Economy',2,'E','available'),('F1007',8,'Economy',3,'A','available'),('F1007',8,'Economy',3,'B','available'),('F1007',8,'Economy',3,'C','available'),('F1007',8,'Economy',3,'D','available'),('F1007',8,'Economy',3,'E','available'),('F1007',8,'Economy',4,'A','available'),('F1007',8,'Economy',4,'B','available'),('F1007',8,'Economy',4,'C','available'),('F1007',8,'Economy',4,'D','available'),('F1007',8,'Economy',4,'E','available'),('F1007',8,'Economy',5,'A','available'),('F1007',8,'Economy',5,'B','available'),('F1007',8,'Economy',5,'C','available'),('F1007',8,'Economy',5,'D','available'),('F1007',8,'Economy',5,'E','available'),('F1008',6,'Business',1,'A','available'),('F1008',6,'Business',1,'B','available'),('F1008',6,'Business',1,'C','available'),('F1008',6,'Business',1,'D','available'),('F1008',6,'Business',2,'A','available'),('F1008',6,'Business',2,'B','available'),('F1008',6,'Business',2,'C','available'),('F1008',6,'Business',2,'D','available'),('F1008',6,'Economy',1,'A','available'),('F1008',6,'Economy',1,'B','available'),('F1008',6,'Economy',1,'C','available'),('F1008',6,'Economy',1,'D','available'),('F1008',6,'Economy',1,'E','available'),('F1008',6,'Economy',1,'F','available'),('F1008',6,'Economy',1,'G','available'),('F1008',6,'Economy',1,'H','available'),('F1008',6,'Economy',1,'I','available'),('F1008',6,'Economy',1,'J','available'),('F1008',6,'Economy',2,'A','available'),('F1008',6,'Economy',2,'B','available'),('F1008',6,'Economy',2,'C','available'),('F1008',6,'Economy',2,'D','available'),('F1008',6,'Economy',2,'E','available'),('F1008',6,'Economy',2,'F','available'),('F1008',6,'Economy',2,'G','available'),('F1008',6,'Economy',2,'H','available'),('F1008',6,'Economy',2,'I','available'),('F1008',6,'Economy',2,'J','available'),('F1008',6,'Economy',3,'A','available'),('F1008',6,'Economy',3,'B','available'),('F1008',6,'Economy',3,'C','available'),('F1008',6,'Economy',3,'D','available'),('F1008',6,'Economy',3,'E','available'),('F1008',6,'Economy',3,'F','available'),('F1008',6,'Economy',3,'G','available'),('F1008',6,'Economy',3,'H','available'),('F1008',6,'Economy',3,'I','available'),('F1008',6,'Economy',3,'J','available'),('F1008',6,'Economy',4,'A','available'),('F1008',6,'Economy',4,'B','available'),('F1008',6,'Economy',4,'C','available'),('F1008',6,'Economy',4,'D','available'),('F1008',6,'Economy',4,'E','available'),('F1008',6,'Economy',4,'F','available'),('F1008',6,'Economy',4,'G','available'),('F1008',6,'Economy',4,'H','available'),('F1008',6,'Economy',4,'I','available'),('F1008',6,'Economy',4,'J','available'),('F1008',6,'Economy',5,'A','available'),('F1008',6,'Economy',5,'B','available'),('F1008',6,'Economy',5,'C','available'),('F1008',6,'Economy',5,'D','available'),('F1008',6,'Economy',5,'E','available'),('F1008',6,'Economy',5,'F','available'),('F1008',6,'Economy',5,'G','available'),('F1008',6,'Economy',5,'H','available'),('F1008',6,'Economy',5,'I','available'),('F1008',6,'Economy',5,'J','available'),('F1008',6,'Economy',6,'A','available'),('F1008',6,'Economy',6,'B','available'),('F1008',6,'Economy',6,'C','available'),('F1008',6,'Economy',6,'D','available'),('F1008',6,'Economy',6,'E','available'),('F1008',6,'Economy',6,'F','available'),('F1008',6,'Economy',6,'G','available'),('F1008',6,'Economy',6,'H','available'),('F1008',6,'Economy',6,'I','available'),('F1008',6,'Economy',6,'J','available'),('F1008',6,'Economy',7,'A','available'),('F1008',6,'Economy',7,'B','available'),('F1008',6,'Economy',7,'C','available'),('F1008',6,'Economy',7,'D','available'),('F1008',6,'Economy',7,'E','available'),('F1008',6,'Economy',7,'F','available'),('F1008',6,'Economy',7,'G','available'),('F1008',6,'Economy',7,'H','available'),('F1008',6,'Economy',7,'I','available'),('F1008',6,'Economy',7,'J','available'),('F1008',6,'Economy',8,'A','available'),('F1008',6,'Economy',8,'B','available'),('F1008',6,'Economy',8,'C','available'),('F1008',6,'Economy',8,'D','available'),('F1008',6,'Economy',8,'E','available'),('F1008',6,'Economy',8,'F','available'),('F1008',6,'Economy',8,'G','available'),('F1008',6,'Economy',8,'H','available'),('F1008',6,'Economy',8,'I','available'),('F1008',6,'Economy',8,'J','available'),('F1008',6,'Economy',9,'A','available'),('F1008',6,'Economy',9,'B','available'),('F1008',6,'Economy',9,'C','available'),('F1008',6,'Economy',9,'D','available'),('F1008',6,'Economy',9,'E','available'),('F1008',6,'Economy',9,'F','available'),('F1008',6,'Economy',9,'G','available'),('F1008',6,'Economy',9,'H','available'),('F1008',6,'Economy',9,'I','available'),('F1008',6,'Economy',9,'J','available'),('F1008',6,'Economy',10,'A','available'),('F1008',6,'Economy',10,'B','available'),('F1008',6,'Economy',10,'C','available'),('F1008',6,'Economy',10,'D','available'),('F1008',6,'Economy',10,'E','available'),('F1008',6,'Economy',10,'F','available'),('F1008',6,'Economy',10,'G','available'),('F1008',6,'Economy',10,'H','available'),('F1008',6,'Economy',10,'I','available'),('F1008',6,'Economy',10,'J','available'),('F1008',6,'Economy',11,'A','available'),('F1008',6,'Economy',11,'B','available'),('F1008',6,'Economy',11,'C','available'),('F1008',6,'Economy',11,'D','available'),('F1008',6,'Economy',11,'E','available'),('F1008',6,'Economy',11,'F','available'),('F1008',6,'Economy',11,'G','available'),('F1008',6,'Economy',11,'H','available'),('F1008',6,'Economy',11,'I','available'),('F1008',6,'Economy',11,'J','available'),('F1008',6,'Economy',12,'A','available'),('F1008',6,'Economy',12,'B','available'),('F1008',6,'Economy',12,'C','available'),('F1008',6,'Economy',12,'D','available'),('F1008',6,'Economy',12,'E','available'),('F1008',6,'Economy',12,'F','available'),('F1008',6,'Economy',12,'G','available'),('F1008',6,'Economy',12,'H','available'),('F1008',6,'Economy',12,'I','available'),('F1008',6,'Economy',12,'J','available'),('F1008',6,'Economy',13,'A','available'),('F1008',6,'Economy',13,'B','available'),('F1008',6,'Economy',13,'C','available'),('F1008',6,'Economy',13,'D','available'),('F1008',6,'Economy',13,'E','available'),('F1008',6,'Economy',13,'F','available'),('F1008',6,'Economy',13,'G','available'),('F1008',6,'Economy',13,'H','available'),('F1008',6,'Economy',13,'I','available'),('F1008',6,'Economy',13,'J','available'),('F1008',6,'Economy',14,'A','available'),('F1008',6,'Economy',14,'B','available'),('F1008',6,'Economy',14,'C','available'),('F1008',6,'Economy',14,'D','available'),('F1008',6,'Economy',14,'E','available'),('F1008',6,'Economy',14,'F','available'),('F1008',6,'Economy',14,'G','available'),('F1008',6,'Economy',14,'H','available'),('F1008',6,'Economy',14,'I','available'),('F1008',6,'Economy',14,'J','available'),('F1008',6,'Economy',15,'A','available'),('F1008',6,'Economy',15,'B','available'),('F1008',6,'Economy',15,'C','available'),('F1008',6,'Economy',15,'D','available'),('F1008',6,'Economy',15,'E','available'),('F1008',6,'Economy',15,'F','available'),('F1008',6,'Economy',15,'G','available'),('F1008',6,'Economy',15,'H','available'),('F1008',6,'Economy',15,'I','available'),('F1008',6,'Economy',15,'J','available'),('F1009',4,'Economy',1,'A','available'),('F1009',4,'Economy',1,'B','available'),('F1009',4,'Economy',1,'C','available'),('F1009',4,'Economy',1,'D','available'),('F1009',4,'Economy',2,'A','available'),('F1009',4,'Economy',2,'B','available'),('F1009',4,'Economy',2,'C','available'),('F1009',4,'Economy',2,'D','available'),('F1009',4,'Economy',3,'A','available'),('F1009',4,'Economy',3,'B','available'),('F1009',4,'Economy',3,'C','available'),('F1009',4,'Economy',3,'D','available'),('F1009',4,'Economy',4,'A','available'),('F1009',4,'Economy',4,'B','available'),('F1009',4,'Economy',4,'C','available'),('F1009',4,'Economy',4,'D','available'),('F1009',4,'Economy',5,'A','available'),('F1009',4,'Economy',5,'B','available'),('F1009',4,'Economy',5,'C','available'),('F1009',4,'Economy',5,'D','available'),('F1009',4,'Economy',6,'A','available'),('F1009',4,'Economy',6,'B','available'),('F1009',4,'Economy',6,'C','available'),('F1009',4,'Economy',6,'D','available'),('F1009',4,'Economy',7,'A','available'),('F1009',4,'Economy',7,'B','available'),('F1009',4,'Economy',7,'C','available'),('F1009',4,'Economy',7,'D','available'),('F1009',4,'Economy',8,'A','available'),('F1009',4,'Economy',8,'B','available'),('F1009',4,'Economy',8,'C','available'),('F1009',4,'Economy',8,'D','available'),('F1009',4,'Economy',9,'A','available'),('F1009',4,'Economy',9,'B','available'),('F1009',4,'Economy',9,'C','available'),('F1009',4,'Economy',9,'D','available'),('F1009',4,'Economy',10,'A','available'),('F1009',4,'Economy',10,'B','available'),('F1009',4,'Economy',10,'C','available'),('F1009',4,'Economy',10,'D','available'),('F1010',5,'Business',1,'A','available'),('F1010',5,'Business',1,'B','available'),('F1010',5,'Business',1,'C','available'),('F1010',5,'Business',1,'D','available'),('F1010',5,'Business',2,'A','available'),('F1010',5,'Business',2,'B','available'),('F1010',5,'Business',2,'C','available'),('F1010',5,'Business',2,'D','available'),('F1010',5,'Business',3,'A','available'),('F1010',5,'Business',3,'B','available'),('F1010',5,'Business',3,'C','available'),('F1010',5,'Business',3,'D','available'),('F1010',5,'Economy',1,'A','available'),('F1010',5,'Economy',1,'B','available'),('F1010',5,'Economy',1,'C','available'),('F1010',5,'Economy',1,'D','available'),('F1010',5,'Economy',1,'E','available'),('F1010',5,'Economy',1,'F','available'),('F1010',5,'Economy',1,'G','available'),('F1010',5,'Economy',1,'H','available'),('F1010',5,'Economy',1,'I','available'),('F1010',5,'Economy',2,'A','available'),('F1010',5,'Economy',2,'B','available'),('F1010',5,'Economy',2,'C','available'),('F1010',5,'Economy',2,'D','available'),('F1010',5,'Economy',2,'E','available'),('F1010',5,'Economy',2,'F','available'),('F1010',5,'Economy',2,'G','available'),('F1010',5,'Economy',2,'H','available'),('F1010',5,'Economy',2,'I','available'),('F1010',5,'Economy',3,'A','available'),('F1010',5,'Economy',3,'B','available'),('F1010',5,'Economy',3,'C','available'),('F1010',5,'Economy',3,'D','available'),('F1010',5,'Economy',3,'E','available'),('F1010',5,'Economy',3,'F','available'),('F1010',5,'Economy',3,'G','available'),('F1010',5,'Economy',3,'H','available'),('F1010',5,'Economy',3,'I','available'),('F1010',5,'Economy',4,'A','available'),('F1010',5,'Economy',4,'B','available'),('F1010',5,'Economy',4,'C','available'),('F1010',5,'Economy',4,'D','available'),('F1010',5,'Economy',4,'E','available'),('F1010',5,'Economy',4,'F','available'),('F1010',5,'Economy',4,'G','available'),('F1010',5,'Economy',4,'H','available'),('F1010',5,'Economy',4,'I','available'),('F1010',5,'Economy',5,'A','available'),('F1010',5,'Economy',5,'B','available'),('F1010',5,'Economy',5,'C','available'),('F1010',5,'Economy',5,'D','available'),('F1010',5,'Economy',5,'E','available'),('F1010',5,'Economy',5,'F','available'),('F1010',5,'Economy',5,'G','available'),('F1010',5,'Economy',5,'H','available'),('F1010',5,'Economy',5,'I','available'),('F1010',5,'Economy',6,'A','available'),('F1010',5,'Economy',6,'B','available'),('F1010',5,'Economy',6,'C','available'),('F1010',5,'Economy',6,'D','available'),('F1010',5,'Economy',6,'E','available'),('F1010',5,'Economy',6,'F','available'),('F1010',5,'Economy',6,'G','available'),('F1010',5,'Economy',6,'H','available'),('F1010',5,'Economy',6,'I','available'),('F1010',5,'Economy',7,'A','available'),('F1010',5,'Economy',7,'B','available'),('F1010',5,'Economy',7,'C','available'),('F1010',5,'Economy',7,'D','available'),('F1010',5,'Economy',7,'E','available'),('F1010',5,'Economy',7,'F','available'),('F1010',5,'Economy',7,'G','available'),('F1010',5,'Economy',7,'H','available'),('F1010',5,'Economy',7,'I','available'),('F1010',5,'Economy',8,'A','available'),('F1010',5,'Economy',8,'B','available'),('F1010',5,'Economy',8,'C','available'),('F1010',5,'Economy',8,'D','available'),('F1010',5,'Economy',8,'E','available'),('F1010',5,'Economy',8,'F','available'),('F1010',5,'Economy',8,'G','available'),('F1010',5,'Economy',8,'H','available'),('F1010',5,'Economy',8,'I','available'),('F1010',5,'Economy',9,'A','available'),('F1010',5,'Economy',9,'B','available'),('F1010',5,'Economy',9,'C','available'),('F1010',5,'Economy',9,'D','available'),('F1010',5,'Economy',9,'E','available'),('F1010',5,'Economy',9,'F','available'),('F1010',5,'Economy',9,'G','available'),('F1010',5,'Economy',9,'H','available'),('F1010',5,'Economy',9,'I','available'),('F1010',5,'Economy',10,'A','available'),('F1010',5,'Economy',10,'B','available'),('F1010',5,'Economy',10,'C','available'),('F1010',5,'Economy',10,'D','available'),('F1010',5,'Economy',10,'E','available'),('F1010',5,'Economy',10,'F','available'),('F1010',5,'Economy',10,'G','available'),('F1010',5,'Economy',10,'H','available'),('F1010',5,'Economy',10,'I','available'),('F1010',5,'Economy',11,'A','available'),('F1010',5,'Economy',11,'B','available'),('F1010',5,'Economy',11,'C','available'),('F1010',5,'Economy',11,'D','available'),('F1010',5,'Economy',11,'E','available'),('F1010',5,'Economy',11,'F','available'),('F1010',5,'Economy',11,'G','available'),('F1010',5,'Economy',11,'H','available'),('F1010',5,'Economy',11,'I','available'),('F1010',5,'Economy',12,'A','available'),('F1010',5,'Economy',12,'B','available'),('F1010',5,'Economy',12,'C','available'),('F1010',5,'Economy',12,'D','available'),('F1010',5,'Economy',12,'E','available'),('F1010',5,'Economy',12,'F','available'),('F1010',5,'Economy',12,'G','available'),('F1010',5,'Economy',12,'H','available'),('F1010',5,'Economy',12,'I','available'),('F1010',5,'Economy',13,'A','available'),('F1010',5,'Economy',13,'B','available'),('F1010',5,'Economy',13,'C','available'),('F1010',5,'Economy',13,'D','available'),('F1010',5,'Economy',13,'E','available'),('F1010',5,'Economy',13,'F','available'),('F1010',5,'Economy',13,'G','available'),('F1010',5,'Economy',13,'H','available'),('F1010',5,'Economy',13,'I','available'),('F1010',5,'Economy',14,'A','available'),('F1010',5,'Economy',14,'B','available'),('F1010',5,'Economy',14,'C','available'),('F1010',5,'Economy',14,'D','available'),('F1010',5,'Economy',14,'E','available'),('F1010',5,'Economy',14,'F','available'),('F1010',5,'Economy',14,'G','available'),('F1010',5,'Economy',14,'H','available'),('F1010',5,'Economy',14,'I','available'),('F1010',5,'Economy',15,'A','available'),('F1010',5,'Economy',15,'B','available'),('F1010',5,'Economy',15,'C','available'),('F1010',5,'Economy',15,'D','available'),('F1010',5,'Economy',15,'E','available'),('F1010',5,'Economy',15,'F','available'),('F1010',5,'Economy',15,'G','available'),('F1010',5,'Economy',15,'H','available'),('F1010',5,'Economy',15,'I','available'),('F1010',5,'Economy',16,'A','available'),('F1010',5,'Economy',16,'B','available'),('F1010',5,'Economy',16,'C','available'),('F1010',5,'Economy',16,'D','available'),('F1010',5,'Economy',16,'E','available'),('F1010',5,'Economy',16,'F','available'),('F1010',5,'Economy',16,'G','available'),('F1010',5,'Economy',16,'H','available'),('F1010',5,'Economy',16,'I','available'),('F1010',5,'Economy',17,'A','available'),('F1010',5,'Economy',17,'B','available'),('F1010',5,'Economy',17,'C','available'),('F1010',5,'Economy',17,'D','available'),('F1010',5,'Economy',17,'E','available'),('F1010',5,'Economy',17,'F','available'),('F1010',5,'Economy',17,'G','available'),('F1010',5,'Economy',17,'H','available'),('F1010',5,'Economy',17,'I','available'),('F1010',5,'Economy',18,'A','available'),('F1010',5,'Economy',18,'B','available'),('F1010',5,'Economy',18,'C','available'),('F1010',5,'Economy',18,'D','available'),('F1010',5,'Economy',18,'E','available'),('F1010',5,'Economy',18,'F','available'),('F1010',5,'Economy',18,'G','available'),('F1010',5,'Economy',18,'H','available'),('F1010',5,'Economy',18,'I','available'),('F1010',5,'Economy',19,'A','available'),('F1010',5,'Economy',19,'B','available'),('F1010',5,'Economy',19,'C','available'),('F1010',5,'Economy',19,'D','available'),('F1010',5,'Economy',19,'E','available'),('F1010',5,'Economy',19,'F','available'),('F1010',5,'Economy',19,'G','available'),('F1010',5,'Economy',19,'H','available'),('F1010',5,'Economy',19,'I','available'),('F1010',5,'Economy',20,'A','available'),('F1010',5,'Economy',20,'B','available'),('F1010',5,'Economy',20,'C','available'),('F1010',5,'Economy',20,'D','available'),('F1010',5,'Economy',20,'E','available'),('F1010',5,'Economy',20,'F','available'),('F1010',5,'Economy',20,'G','available'),('F1010',5,'Economy',20,'H','available'),('F1010',5,'Economy',20,'I','available'),('F1011',5,'Business',1,'A','available'),('F1011',5,'Business',1,'B','available'),('F1011',5,'Business',1,'C','available'),('F1011',5,'Business',1,'D','available'),('F1011',5,'Business',2,'A','available'),('F1011',5,'Business',2,'B','available'),('F1011',5,'Business',2,'C','available'),('F1011',5,'Business',2,'D','available'),('F1011',5,'Business',3,'A','available'),('F1011',5,'Business',3,'B','available'),('F1011',5,'Business',3,'C','available'),('F1011',5,'Business',3,'D','available'),('F1011',5,'Economy',1,'A','available'),('F1011',5,'Economy',1,'B','available'),('F1011',5,'Economy',1,'C','available'),('F1011',5,'Economy',1,'D','available'),('F1011',5,'Economy',1,'E','available'),('F1011',5,'Economy',1,'F','available'),('F1011',5,'Economy',1,'G','available'),('F1011',5,'Economy',1,'H','available'),('F1011',5,'Economy',1,'I','available'),('F1011',5,'Economy',2,'A','available'),('F1011',5,'Economy',2,'B','available'),('F1011',5,'Economy',2,'C','available'),('F1011',5,'Economy',2,'D','available'),('F1011',5,'Economy',2,'E','available'),('F1011',5,'Economy',2,'F','available'),('F1011',5,'Economy',2,'G','available'),('F1011',5,'Economy',2,'H','available'),('F1011',5,'Economy',2,'I','available'),('F1011',5,'Economy',3,'A','available'),('F1011',5,'Economy',3,'B','available'),('F1011',5,'Economy',3,'C','available'),('F1011',5,'Economy',3,'D','available'),('F1011',5,'Economy',3,'E','available'),('F1011',5,'Economy',3,'F','available'),('F1011',5,'Economy',3,'G','available'),('F1011',5,'Economy',3,'H','available'),('F1011',5,'Economy',3,'I','available'),('F1011',5,'Economy',4,'A','available'),('F1011',5,'Economy',4,'B','available'),('F1011',5,'Economy',4,'C','available'),('F1011',5,'Economy',4,'D','available'),('F1011',5,'Economy',4,'E','available'),('F1011',5,'Economy',4,'F','available'),('F1011',5,'Economy',4,'G','available'),('F1011',5,'Economy',4,'H','available'),('F1011',5,'Economy',4,'I','available'),('F1011',5,'Economy',5,'A','available'),('F1011',5,'Economy',5,'B','available'),('F1011',5,'Economy',5,'C','available'),('F1011',5,'Economy',5,'D','available'),('F1011',5,'Economy',5,'E','available'),('F1011',5,'Economy',5,'F','available'),('F1011',5,'Economy',5,'G','available'),('F1011',5,'Economy',5,'H','available'),('F1011',5,'Economy',5,'I','available'),('F1011',5,'Economy',6,'A','available'),('F1011',5,'Economy',6,'B','available'),('F1011',5,'Economy',6,'C','available'),('F1011',5,'Economy',6,'D','available'),('F1011',5,'Economy',6,'E','available'),('F1011',5,'Economy',6,'F','available'),('F1011',5,'Economy',6,'G','available'),('F1011',5,'Economy',6,'H','available'),('F1011',5,'Economy',6,'I','available'),('F1011',5,'Economy',7,'A','available'),('F1011',5,'Economy',7,'B','available'),('F1011',5,'Economy',7,'C','available'),('F1011',5,'Economy',7,'D','available'),('F1011',5,'Economy',7,'E','available'),('F1011',5,'Economy',7,'F','available'),('F1011',5,'Economy',7,'G','available'),('F1011',5,'Economy',7,'H','available'),('F1011',5,'Economy',7,'I','available'),('F1011',5,'Economy',8,'A','available'),('F1011',5,'Economy',8,'B','available'),('F1011',5,'Economy',8,'C','available'),('F1011',5,'Economy',8,'D','available'),('F1011',5,'Economy',8,'E','available'),('F1011',5,'Economy',8,'F','available'),('F1011',5,'Economy',8,'G','available'),('F1011',5,'Economy',8,'H','available'),('F1011',5,'Economy',8,'I','available'),('F1011',5,'Economy',9,'A','available'),('F1011',5,'Economy',9,'B','available'),('F1011',5,'Economy',9,'C','available'),('F1011',5,'Economy',9,'D','available'),('F1011',5,'Economy',9,'E','available'),('F1011',5,'Economy',9,'F','available'),('F1011',5,'Economy',9,'G','available'),('F1011',5,'Economy',9,'H','available'),('F1011',5,'Economy',9,'I','available'),('F1011',5,'Economy',10,'A','available'),('F1011',5,'Economy',10,'B','available'),('F1011',5,'Economy',10,'C','available'),('F1011',5,'Economy',10,'D','available'),('F1011',5,'Economy',10,'E','available'),('F1011',5,'Economy',10,'F','available'),('F1011',5,'Economy',10,'G','available'),('F1011',5,'Economy',10,'H','available'),('F1011',5,'Economy',10,'I','available'),('F1011',5,'Economy',11,'A','available'),('F1011',5,'Economy',11,'B','available'),('F1011',5,'Economy',11,'C','available'),('F1011',5,'Economy',11,'D','available'),('F1011',5,'Economy',11,'E','available'),('F1011',5,'Economy',11,'F','available'),('F1011',5,'Economy',11,'G','available'),('F1011',5,'Economy',11,'H','available'),('F1011',5,'Economy',11,'I','available'),('F1011',5,'Economy',12,'A','available'),('F1011',5,'Economy',12,'B','available'),('F1011',5,'Economy',12,'C','available'),('F1011',5,'Economy',12,'D','available'),('F1011',5,'Economy',12,'E','available'),('F1011',5,'Economy',12,'F','available'),('F1011',5,'Economy',12,'G','available'),('F1011',5,'Economy',12,'H','available'),('F1011',5,'Economy',12,'I','available'),('F1011',5,'Economy',13,'A','available'),('F1011',5,'Economy',13,'B','available'),('F1011',5,'Economy',13,'C','available'),('F1011',5,'Economy',13,'D','available'),('F1011',5,'Economy',13,'E','available'),('F1011',5,'Economy',13,'F','available'),('F1011',5,'Economy',13,'G','available'),('F1011',5,'Economy',13,'H','available'),('F1011',5,'Economy',13,'I','available'),('F1011',5,'Economy',14,'A','available'),('F1011',5,'Economy',14,'B','available'),('F1011',5,'Economy',14,'C','available'),('F1011',5,'Economy',14,'D','available'),('F1011',5,'Economy',14,'E','available'),('F1011',5,'Economy',14,'F','available'),('F1011',5,'Economy',14,'G','available'),('F1011',5,'Economy',14,'H','available'),('F1011',5,'Economy',14,'I','available'),('F1011',5,'Economy',15,'A','available'),('F1011',5,'Economy',15,'B','available'),('F1011',5,'Economy',15,'C','available'),('F1011',5,'Economy',15,'D','available'),('F1011',5,'Economy',15,'E','available'),('F1011',5,'Economy',15,'F','available'),('F1011',5,'Economy',15,'G','available'),('F1011',5,'Economy',15,'H','available'),('F1011',5,'Economy',15,'I','available'),('F1011',5,'Economy',16,'A','available'),('F1011',5,'Economy',16,'B','available'),('F1011',5,'Economy',16,'C','available'),('F1011',5,'Economy',16,'D','available'),('F1011',5,'Economy',16,'E','available'),('F1011',5,'Economy',16,'F','available'),('F1011',5,'Economy',16,'G','available'),('F1011',5,'Economy',16,'H','available'),('F1011',5,'Economy',16,'I','available'),('F1011',5,'Economy',17,'A','available'),('F1011',5,'Economy',17,'B','available'),('F1011',5,'Economy',17,'C','available'),('F1011',5,'Economy',17,'D','available'),('F1011',5,'Economy',17,'E','available'),('F1011',5,'Economy',17,'F','available'),('F1011',5,'Economy',17,'G','available'),('F1011',5,'Economy',17,'H','available'),('F1011',5,'Economy',17,'I','available'),('F1011',5,'Economy',18,'A','available'),('F1011',5,'Economy',18,'B','available'),('F1011',5,'Economy',18,'C','available'),('F1011',5,'Economy',18,'D','available'),('F1011',5,'Economy',18,'E','available'),('F1011',5,'Economy',18,'F','available'),('F1011',5,'Economy',18,'G','available'),('F1011',5,'Economy',18,'H','available'),('F1011',5,'Economy',18,'I','available'),('F1011',5,'Economy',19,'A','available'),('F1011',5,'Economy',19,'B','available'),('F1011',5,'Economy',19,'C','available'),('F1011',5,'Economy',19,'D','available'),('F1011',5,'Economy',19,'E','available'),('F1011',5,'Economy',19,'F','available'),('F1011',5,'Economy',19,'G','available'),('F1011',5,'Economy',19,'H','available'),('F1011',5,'Economy',19,'I','available'),('F1011',5,'Economy',20,'A','available'),('F1011',5,'Economy',20,'B','available'),('F1011',5,'Economy',20,'C','available'),('F1011',5,'Economy',20,'D','available'),('F1011',5,'Economy',20,'E','available'),('F1011',5,'Economy',20,'F','available'),('F1011',5,'Economy',20,'G','available'),('F1011',5,'Economy',20,'H','available'),('F1011',5,'Economy',20,'I','available');
/*!40000 ALTER TABLE `flight_seat` ENABLE KEYS */;
UNLOCK TABLES;

--
-- Table structure for table `flight_worker`
--

DROP TABLE IF EXISTS `flight_worker`;
/*!40101 SET @saved_cs_client     = @@character_set_client */;
/*!50503 SET character_set_client = utf8mb4 */;
CREATE TABLE `flight_worker` (
  `flight_num` varchar(20) NOT NULL,
  `worker_id` int NOT NULL,
  PRIMARY KEY (`flight_num`,`worker_id`),
  KEY `worker_id` (`worker_id`),
  CONSTRAINT `flight_worker_ibfk_1` FOREIGN KEY (`flight_num`) REFERENCES `flight` (`flight_num`),
  CONSTRAINT `flight_worker_ibfk_2` FOREIGN KEY (`worker_id`) REFERENCES `workers` (`worker_id`)
) ENGINE=InnoDB DEFAULT CHARSET=utf8mb4 COLLATE=utf8mb4_0900_ai_ci;
/*!40101 SET character_set_client = @saved_cs_client */;

--
-- Dumping data for table `flight_worker`
--

LOCK TABLES `flight_worker` WRITE;
/*!40000 ALTER TABLE `flight_worker` DISABLE KEYS */;
INSERT INTO `flight_worker` VALUES ('3',2101),('4',2101),('5',2101),('F1005',2101),('F1007',2101),('F1008',2101),('F1010',2101),('F1011',2101),('3',2102),('4',2102),('5',2102),('F1005',2102),('F1007',2102),('F1008',2102),('F1010',2102),('F1011',2102),('1',2103),('5',2103),('F1005',2103),('F1007',2103),('F1008',2103),('F1010',2103),('F1011',2103),('1',2104),('F1002',2104),('F1004',2104),('F1009',2104),('1',2105),('F1003',2105),('F1006',2105),('F1009',2105),('F1001',2106),('F1002',2106),('F1004',2106),('2',2107),('F1003',2107),('F1006',2107),('2',2108),('F1006',2108),('890',2109),('F1001',2109),('2',2110),('890',2110),('F1003',2110),('3',2201),('4',2201),('5',2201),('F1005',2201),('F1007',2201),('F1008',2201),('F1010',2201),('F1011',2201),('3',2202),('4',2202),('5',2202),('F1005',2202),('F1007',2202),('F1008',2202),('F1010',2202),('F1011',2202),('4',2203),('5',2203),('F1004',2203),('F1008',2203),('3',2204),('5',2204),('F1005',2204),('F1007',2204),('F1009',2204),('F1010',2204),('F1011',2204),('5',2205),('F1004',2205),('F1009',2205),('5',2206),('F1005',2206),('F1007',2206),('F1009',2206),('F1010',2206),('F1011',2206),('F1005',2207),('F1007',2207),('F1010',2207),('F1011',2207),('F1002',2208),('F1004',2208),('2',2209),('F1005',2209),('F1007',2209),('F1010',2209),('F1011',2209),('890',2210),('F1001',2210),('1',2211),('2',2211),('F1003',2211),('F1006',2211),('1',2212),('890',2212),('F1001',2212),('1',2213),('2',2213),('F1003',2213),('F1006',2213),('1',2214),('2',2214),('F1003',2214),('F1006',2214),('F1008',2214),('1',2215),('890',2215),('F1001',2215),('F1008',2215),('1',2216),('2',2216),('F1003',2216),('F1006',2216),('F1008',2216),('F1002',2217),('2',2218),('F1003',2218),('F1006',2218),('F1003',2219),('F1006',2219),('F1002',2220);
/*!40000 ALTER TABLE `flight_worker` ENABLE KEYS */;
UNLOCK TABLES;

--
-- Table structure for table `managers`
--

DROP TABLE IF EXISTS `managers`;
/*!40101 SET @saved_cs_client     = @@character_set_client */;
/*!50503 SET character_set_client = utf8mb4 */;
CREATE TABLE `managers` (
  `worker_id` int NOT NULL,
  `password` varchar(255) NOT NULL,
  PRIMARY KEY (`worker_id`),
  CONSTRAINT `managers_ibfk_1` FOREIGN KEY (`worker_id`) REFERENCES `workers` (`worker_id`)
) ENGINE=InnoDB DEFAULT CHARSET=utf8mb4 COLLATE=utf8mb4_0900_ai_ci;
/*!40101 SET character_set_client = @saved_cs_client */;

--
-- Dumping data for table `managers`
--

LOCK TABLES `managers` WRITE;
/*!40000 ALTER TABLE `managers` DISABLE KEYS */;
INSERT INTO `managers` VALUES (2001,'mngr2001'),(2002,'mngr2002');
/*!40000 ALTER TABLE `managers` ENABLE KEYS */;
UNLOCK TABLES;

--
-- Table structure for table `order_seat`
--

DROP TABLE IF EXISTS `order_seat`;
/*!40101 SET @saved_cs_client     = @@character_set_client */;
/*!50503 SET character_set_client = utf8mb4 */;
CREATE TABLE `order_seat` (
  `order_id` int NOT NULL,
  `flight_num` varchar(20) NOT NULL,
  `airplane_id` int NOT NULL,
  `class_type` varchar(30) NOT NULL,
  `row_num` int NOT NULL,
  `column_letter` char(1) NOT NULL,
  `price_at_purchase` decimal(10,2) NOT NULL,
  PRIMARY KEY (`order_id`,`flight_num`,`airplane_id`,`class_type`,`row_num`,`column_letter`),
  UNIQUE KEY `flight_num` (`flight_num`,`airplane_id`,`class_type`,`row_num`,`column_letter`),
  CONSTRAINT `order_seat_ibfk_1` FOREIGN KEY (`order_id`) REFERENCES `orders` (`order_id`),
  CONSTRAINT `order_seat_ibfk_2` FOREIGN KEY (`flight_num`, `airplane_id`, `class_type`, `row_num`, `column_letter`) REFERENCES `flight_seat` (`flight_num`, `airplane_id`, `class_type`, `row_num`, `column_letter`)
) ENGINE=InnoDB DEFAULT CHARSET=utf8mb4 COLLATE=utf8mb4_0900_ai_ci;
/*!40101 SET character_set_client = @saved_cs_client */;

--
-- Dumping data for table `order_seat`
--

LOCK TABLES `order_seat` WRITE;
/*!40000 ALTER TABLE `order_seat` DISABLE KEYS */;
INSERT INTO `order_seat` VALUES (5002,'F1003',5,'Business',1,'A',1900.00),(5012,'F1001',1,'Economy',10,'D',180.00),(5012,'F1001',1,'Economy',10,'E',180.00),(5016,'F1006',6,'Economy',10,'D',1300.00),(5016,'F1006',6,'Economy',10,'E',1300.00),(5016,'F1006',6,'Economy',10,'F',1300.00),(5016,'F1006',6,'Economy',10,'G',1300.00);
/*!40000 ALTER TABLE `order_seat` ENABLE KEYS */;
UNLOCK TABLES;

--
-- Table structure for table `orders`
--

DROP TABLE IF EXISTS `orders`;
/*!40101 SET @saved_cs_client     = @@character_set_client */;
/*!50503 SET character_set_client = utf8mb4 */;
CREATE TABLE `orders` (
  `order_id` int NOT NULL AUTO_INCREMENT,
  `email` varchar(255) NOT NULL,
  `flight_num` varchar(20) NOT NULL,
  `order_date` date DEFAULT NULL,
  `status` varchar(30) DEFAULT NULL,
  `total_paid` decimal(10,2) DEFAULT NULL,
  `cancellation_fee` decimal(10,2) DEFAULT NULL,
  PRIMARY KEY (`order_id`),
  KEY `email` (`email`),
  KEY `flight_num` (`flight_num`),
  CONSTRAINT `orders_ibfk_1` FOREIGN KEY (`email`) REFERENCES `users` (`email`),
  CONSTRAINT `orders_ibfk_2` FOREIGN KEY (`flight_num`) REFERENCES `flight` (`flight_num`)
) ENGINE=InnoDB AUTO_INCREMENT=5018 DEFAULT CHARSET=utf8mb4 COLLATE=utf8mb4_0900_ai_ci;
/*!40101 SET character_set_client = @saved_cs_client */;

--
-- Dumping data for table `orders`
--

LOCK TABLES `orders` WRITE;
/*!40000 ALTER TABLE `orders` DISABLE KEYS */;
INSERT INTO `orders` VALUES (5001,'noa.reg1@flytau.com','F1001','2026-01-02','customer cancellation',0.00,0.00),(5002,'yuval.reg2@flytau.com','F1003','2026-01-02','Active',1900.00,0.00),(5003,'sagi@flytau.com','F1004','2026-01-02','customer cancellation',660.00,33.00),(5004,'ronnie@flytau.com','F1006','2026-01-02','customer cancellation',2600.00,130.00),(5005,'ronnie@1','1','2026-01-13','system cancellation',0.00,0.00),(5006,'ronnie@1','1','2026-01-13','system cancellation',0.00,0.00),(5007,'ronnie@1','1','2026-01-13','system cancellation',0.00,0.00),(5008,'ronnie@1','1','2026-01-13','system cancellation',0.00,0.00),(5009,'ronnie@1','1','2026-01-13','system cancellation',0.00,0.00),(5010,'yuval@3','1','2026-01-13','system cancellation',666.00,0.00),(5011,'sagi@5','4','2026-01-13','system cancellation',0.00,0.00),(5012,'Yael@20','F1001','2026-01-13','Active',18.00,0.00),(5013,'noa.reg1@flytau.com','F1001','2026-01-14','customer cancellation',27.00,0.00),(5014,'noa.reg1@flytau.com','4','2026-01-17','customer cancellation',390.00,0.00),(5015,'noa.reg1@flytau.com','F1001','2026-01-17','customer cancellation',0.00,0.00),(5016,'yoav@600','F1006','2026-01-17','Active',5200.00,260.00),(5017,'yuval@44','2','2026-01-20','system cancellation',0.00,0.00);
/*!40000 ALTER TABLE `orders` ENABLE KEYS */;
UNLOCK TABLES;

--
-- Table structure for table `pilots`
--

DROP TABLE IF EXISTS `pilots`;
/*!40101 SET @saved_cs_client     = @@character_set_client */;
/*!50503 SET character_set_client = utf8mb4 */;
CREATE TABLE `pilots` (
  `worker_id` int NOT NULL,
  `lng_flight_approved` tinyint(1) DEFAULT NULL,
  PRIMARY KEY (`worker_id`),
  CONSTRAINT `pilots_ibfk_1` FOREIGN KEY (`worker_id`) REFERENCES `workers` (`worker_id`)
) ENGINE=InnoDB DEFAULT CHARSET=utf8mb4 COLLATE=utf8mb4_0900_ai_ci;
/*!40101 SET character_set_client = @saved_cs_client */;

--
-- Dumping data for table `pilots`
--

LOCK TABLES `pilots` WRITE;
/*!40000 ALTER TABLE `pilots` DISABLE KEYS */;
INSERT INTO `pilots` VALUES (2101,1),(2102,1),(2103,1),(2104,0),(2105,1),(2106,0),(2107,1),(2108,1),(2109,0),(2110,1),(2400,1);
/*!40000 ALTER TABLE `pilots` ENABLE KEYS */;
UNLOCK TABLES;

--
-- Table structure for table `routes`
--

DROP TABLE IF EXISTS `routes`;
/*!40101 SET @saved_cs_client     = @@character_set_client */;
/*!50503 SET character_set_client = utf8mb4 */;
CREATE TABLE `routes` (
  `origin_airport` varchar(10) NOT NULL,
  `destination_airport` varchar(10) NOT NULL,
  `duration` int DEFAULT NULL,
  PRIMARY KEY (`origin_airport`,`destination_airport`)
) ENGINE=InnoDB DEFAULT CHARSET=utf8mb4 COLLATE=utf8mb4_0900_ai_ci;
/*!40101 SET character_set_client = @saved_cs_client */;

--
-- Dumping data for table `routes`
--

LOCK TABLES `routes` WRITE;
/*!40000 ALTER TABLE `routes` DISABLE KEYS */;
INSERT INTO `routes` VALUES ('ACC','LOS',60),('ADD','NBO',120),('AKL','SYD',185),('AMM','CAI',80),('AMS','ATH',195),('AMS','BCN',130),('AMS','BRU',50),('AMS','CDG',75),('AMS','CPH',80),('AMS','FRA',70),('AMS','JFK',450),('AMS','LHR',70),('ARN','BER',95),('ARN','CPH',70),('ARN','HEL',60),('ATH','BCN',195),('ATH','FCO',125),('ATH','IST',80),('ATH','LHR',220),('ATL','BOS',150),('ATL','DFW',135),('ATL','MIA',120),('AUH','DOH',60),('AUH','DXB',75),('BAH','DOH',55),('BCN','CDG',105),('BCN','FCO',100),('BCN','LHR',125),('BER','FRA',65),('BER','MUC',70),('BKK','HKG',165),('BKK','SIN',140),('BNE','SYD',85),('BOG','LIM',180),('BOM','DEL',130),('BOS','EWR',45),('BOS','JFK',50),('BRU','CDG',55),('BRU','LHR',60),('BUD','PRG',55),('BUD','VIE',45),('CAI','CMN',290),('CAI','DOH',170),('CAI','FCO',170),('CAI','NBO',240),('CDG','FCO',120),('CDG','FRA',80),('CDG','JFK',435),('CPH','FRA',95),('CPT','JNB',120),('DAR','NBO',75),('DEL','DXB',190),('DEN','LAX',140),('DFW','IAH',60),('DOH','DXB',70),('DOH','SIN',470),('DUB','LHR',75),('DXB','HKG',450),('DXB','SIN',440),('EWR','HNL',720),('EWR','ORD',135),('EZE','GRU',165),('EZE','SCL',110),('FCO','CAI',170),('FCO','FRA',110),('FRA','JFK',470),('FRA','LHR',95),('GIG','GRU',55),('GRU','SCL',190),('GVA','ZRH',35),('HKG','ICN',210),('HKG','PVG',150),('HNL','LAX',330),('ICN','NRT',150),('IST','DXB',260),('IST','LHR',250),('IST','TLV',125),('JFK','LAX',360),('JFK','MIA',185),('JFK','YYZ',95),('JNB','NBO',255),('KIX','NRT',75),('KUL','SIN',60),('LAX','LAS',70),('LAX','SFO',85),('LCA','TLV',60),('LHR','DXB',420),('LHR','JFK',420),('LHR','MAD',140),('LIM','SCL',210),('LIS','MAD',75),('MAD','EZE',720),('MEL','SYD',90),('MUC','VIE',60),('ORD','SEA',265),('PRG','VIE',55),('PVG','ICN',120),('SFO','NRT',660),('SFO','SEA',125),('SIN','HKG',235),('TLV','ATH',150),('TLV','BKK',660),('TLV','CDG',270),('TLV','DXB',195),('TLV','FCO',210),('TLV','FRA',255),('TLV','JFK',660),('TLV','LHR',300),('TLV','MAD',320),('TPE','HKG',110),('VIE','ZRH',75),('WAW','FRA',85),('YYZ','YUL',75);
/*!40000 ALTER TABLE `routes` ENABLE KEYS */;
UNLOCK TABLES;

--
-- Table structure for table `seat_position`
--

DROP TABLE IF EXISTS `seat_position`;
/*!40101 SET @saved_cs_client     = @@character_set_client */;
/*!50503 SET character_set_client = utf8mb4 */;
CREATE TABLE `seat_position` (
  `airplane_id` int NOT NULL,
  `class_type` varchar(30) NOT NULL,
  `row_num` int NOT NULL,
  `column_letter` char(1) NOT NULL,
  PRIMARY KEY (`airplane_id`,`class_type`,`row_num`,`column_letter`),
  CONSTRAINT `seat_position_ibfk_1` FOREIGN KEY (`airplane_id`, `class_type`) REFERENCES `class` (`airplane_id`, `class_type`)
) ENGINE=InnoDB DEFAULT CHARSET=utf8mb4 COLLATE=utf8mb4_0900_ai_ci;
/*!40101 SET character_set_client = @saved_cs_client */;

--
-- Dumping data for table `seat_position`
--

LOCK TABLES `seat_position` WRITE;
/*!40000 ALTER TABLE `seat_position` DISABLE KEYS */;
INSERT INTO `seat_position` VALUES (1,'Economy',1,'A'),(1,'Economy',1,'B'),(1,'Economy',1,'C'),(1,'Economy',1,'D'),(1,'Economy',1,'E'),(1,'Economy',1,'F'),(1,'Economy',2,'A'),(1,'Economy',2,'B'),(1,'Economy',2,'C'),(1,'Economy',2,'D'),(1,'Economy',2,'E'),(1,'Economy',2,'F'),(1,'Economy',3,'A'),(1,'Economy',3,'B'),(1,'Economy',3,'C'),(1,'Economy',3,'D'),(1,'Economy',3,'E'),(1,'Economy',3,'F'),(1,'Economy',4,'A'),(1,'Economy',4,'B'),(1,'Economy',4,'C'),(1,'Economy',4,'D'),(1,'Economy',4,'E'),(1,'Economy',4,'F'),(1,'Economy',5,'A'),(1,'Economy',5,'B'),(1,'Economy',5,'C'),(1,'Economy',5,'D'),(1,'Economy',5,'E'),(1,'Economy',5,'F'),(1,'Economy',6,'A'),(1,'Economy',6,'B'),(1,'Economy',6,'C'),(1,'Economy',6,'D'),(1,'Economy',6,'E'),(1,'Economy',6,'F'),(1,'Economy',7,'A'),(1,'Economy',7,'B'),(1,'Economy',7,'C'),(1,'Economy',7,'D'),(1,'Economy',7,'E'),(1,'Economy',7,'F'),(1,'Economy',8,'A'),(1,'Economy',8,'B'),(1,'Economy',8,'C'),(1,'Economy',8,'D'),(1,'Economy',8,'E'),(1,'Economy',8,'F'),(1,'Economy',9,'A'),(1,'Economy',9,'B'),(1,'Economy',9,'C'),(1,'Economy',9,'D'),(1,'Economy',9,'E'),(1,'Economy',9,'F'),(1,'Economy',10,'A'),(1,'Economy',10,'B'),(1,'Economy',10,'C'),(1,'Economy',10,'D'),(1,'Economy',10,'E'),(1,'Economy',10,'F'),(2,'Economy',1,'A'),(2,'Economy',1,'B'),(2,'Economy',1,'C'),(2,'Economy',1,'D'),(2,'Economy',2,'A'),(2,'Economy',2,'B'),(2,'Economy',2,'C'),(2,'Economy',2,'D'),(2,'Economy',3,'A'),(2,'Economy',3,'B'),(2,'Economy',3,'C'),(2,'Economy',3,'D'),(2,'Economy',4,'A'),(2,'Economy',4,'B'),(2,'Economy',4,'C'),(2,'Economy',4,'D'),(2,'Economy',5,'A'),(2,'Economy',5,'B'),(2,'Economy',5,'C'),(2,'Economy',5,'D'),(2,'Economy',6,'A'),(2,'Economy',6,'B'),(2,'Economy',6,'C'),(2,'Economy',6,'D'),(2,'Economy',7,'A'),(2,'Economy',7,'B'),(2,'Economy',7,'C'),(2,'Economy',7,'D'),(2,'Economy',8,'A'),(2,'Economy',8,'B'),(2,'Economy',8,'C'),(2,'Economy',8,'D'),(2,'Economy',9,'A'),(2,'Economy',9,'B'),(2,'Economy',9,'C'),(2,'Economy',9,'D'),(2,'Economy',10,'A'),(2,'Economy',10,'B'),(2,'Economy',10,'C'),(2,'Economy',10,'D'),(2,'Economy',11,'A'),(2,'Economy',11,'B'),(2,'Economy',11,'C'),(2,'Economy',11,'D'),(2,'Economy',12,'A'),(2,'Economy',12,'B'),(2,'Economy',12,'C'),(2,'Economy',12,'D'),(2,'Economy',13,'A'),(2,'Economy',13,'B'),(2,'Economy',13,'C'),(2,'Economy',13,'D'),(2,'Economy',14,'A'),(2,'Economy',14,'B'),(2,'Economy',14,'C'),(2,'Economy',14,'D'),(2,'Economy',15,'A'),(2,'Economy',15,'B'),(2,'Economy',15,'C'),(2,'Economy',15,'D'),(3,'Economy',1,'A'),(3,'Economy',1,'B'),(3,'Economy',1,'C'),(3,'Economy',1,'D'),(3,'Economy',2,'A'),(3,'Economy',2,'B'),(3,'Economy',2,'C'),(3,'Economy',2,'D'),(3,'Economy',3,'A'),(3,'Economy',3,'B'),(3,'Economy',3,'C'),(3,'Economy',3,'D'),(3,'Economy',4,'A'),(3,'Economy',4,'B'),(3,'Economy',4,'C'),(3,'Economy',4,'D'),(3,'Economy',5,'A'),(3,'Economy',5,'B'),(3,'Economy',5,'C'),(3,'Economy',5,'D'),(3,'Economy',6,'A'),(3,'Economy',6,'B'),(3,'Economy',6,'C'),(3,'Economy',6,'D'),(3,'Economy',7,'A'),(3,'Economy',7,'B'),(3,'Economy',7,'C'),(3,'Economy',7,'D'),(3,'Economy',8,'A'),(3,'Economy',8,'B'),(3,'Economy',8,'C'),(3,'Economy',8,'D'),(3,'Economy',9,'A'),(3,'Economy',9,'B'),(3,'Economy',9,'C'),(3,'Economy',9,'D'),(3,'Economy',10,'A'),(3,'Economy',10,'B'),(3,'Economy',10,'C'),(3,'Economy',10,'D'),(3,'Economy',11,'A'),(3,'Economy',11,'B'),(3,'Economy',11,'C'),(3,'Economy',11,'D'),(3,'Economy',12,'A'),(3,'Economy',12,'B'),(3,'Economy',12,'C'),(3,'Economy',12,'D'),(3,'Economy',13,'A'),(3,'Economy',13,'B'),(3,'Economy',13,'C'),(3,'Economy',13,'D'),(3,'Economy',14,'A'),(3,'Economy',14,'B'),(3,'Economy',14,'C'),(3,'Economy',14,'D'),(3,'Economy',15,'A'),(3,'Economy',15,'B'),(3,'Economy',15,'C'),(3,'Economy',15,'D'),(3,'Economy',16,'A'),(3,'Economy',16,'B'),(3,'Economy',16,'C'),(3,'Economy',16,'D'),(3,'Economy',17,'A'),(3,'Economy',17,'B'),(3,'Economy',17,'C'),(3,'Economy',17,'D'),(3,'Economy',18,'A'),(3,'Economy',18,'B'),(3,'Economy',18,'C'),(3,'Economy',18,'D'),(3,'Economy',19,'A'),(3,'Economy',19,'B'),(3,'Economy',19,'C'),(3,'Economy',19,'D'),(3,'Economy',20,'A'),(3,'Economy',20,'B'),(3,'Economy',20,'C'),(3,'Economy',20,'D'),(4,'Economy',1,'A'),(4,'Economy',1,'B'),(4,'Economy',1,'C'),(4,'Economy',1,'D'),(4,'Economy',2,'A'),(4,'Economy',2,'B'),(4,'Economy',2,'C'),(4,'Economy',2,'D'),(4,'Economy',3,'A'),(4,'Economy',3,'B'),(4,'Economy',3,'C'),(4,'Economy',3,'D'),(4,'Economy',4,'A'),(4,'Economy',4,'B'),(4,'Economy',4,'C'),(4,'Economy',4,'D'),(4,'Economy',5,'A'),(4,'Economy',5,'B'),(4,'Economy',5,'C'),(4,'Economy',5,'D'),(4,'Economy',6,'A'),(4,'Economy',6,'B'),(4,'Economy',6,'C'),(4,'Economy',6,'D'),(4,'Economy',7,'A'),(4,'Economy',7,'B'),(4,'Economy',7,'C'),(4,'Economy',7,'D'),(4,'Economy',8,'A'),(4,'Economy',8,'B'),(4,'Economy',8,'C'),(4,'Economy',8,'D'),(4,'Economy',9,'A'),(4,'Economy',9,'B'),(4,'Economy',9,'C'),(4,'Economy',9,'D'),(4,'Economy',10,'A'),(4,'Economy',10,'B'),(4,'Economy',10,'C'),(4,'Economy',10,'D'),(5,'Business',1,'A'),(5,'Business',1,'B'),(5,'Business',1,'C'),(5,'Business',1,'D'),(5,'Business',2,'A'),(5,'Business',2,'B'),(5,'Business',2,'C'),(5,'Business',2,'D'),(5,'Business',3,'A'),(5,'Business',3,'B'),(5,'Business',3,'C'),(5,'Business',3,'D'),(5,'Economy',1,'A'),(5,'Economy',1,'B'),(5,'Economy',1,'C'),(5,'Economy',1,'D'),(5,'Economy',1,'E'),(5,'Economy',1,'F'),(5,'Economy',1,'G'),(5,'Economy',1,'H'),(5,'Economy',1,'I'),(5,'Economy',2,'A'),(5,'Economy',2,'B'),(5,'Economy',2,'C'),(5,'Economy',2,'D'),(5,'Economy',2,'E'),(5,'Economy',2,'F'),(5,'Economy',2,'G'),(5,'Economy',2,'H'),(5,'Economy',2,'I'),(5,'Economy',3,'A'),(5,'Economy',3,'B'),(5,'Economy',3,'C'),(5,'Economy',3,'D'),(5,'Economy',3,'E'),(5,'Economy',3,'F'),(5,'Economy',3,'G'),(5,'Economy',3,'H'),(5,'Economy',3,'I'),(5,'Economy',4,'A'),(5,'Economy',4,'B'),(5,'Economy',4,'C'),(5,'Economy',4,'D'),(5,'Economy',4,'E'),(5,'Economy',4,'F'),(5,'Economy',4,'G'),(5,'Economy',4,'H'),(5,'Economy',4,'I'),(5,'Economy',5,'A'),(5,'Economy',5,'B'),(5,'Economy',5,'C'),(5,'Economy',5,'D'),(5,'Economy',5,'E'),(5,'Economy',5,'F'),(5,'Economy',5,'G'),(5,'Economy',5,'H'),(5,'Economy',5,'I'),(5,'Economy',6,'A'),(5,'Economy',6,'B'),(5,'Economy',6,'C'),(5,'Economy',6,'D'),(5,'Economy',6,'E'),(5,'Economy',6,'F'),(5,'Economy',6,'G'),(5,'Economy',6,'H'),(5,'Economy',6,'I'),(5,'Economy',7,'A'),(5,'Economy',7,'B'),(5,'Economy',7,'C'),(5,'Economy',7,'D'),(5,'Economy',7,'E'),(5,'Economy',7,'F'),(5,'Economy',7,'G'),(5,'Economy',7,'H'),(5,'Economy',7,'I'),(5,'Economy',8,'A'),(5,'Economy',8,'B'),(5,'Economy',8,'C'),(5,'Economy',8,'D'),(5,'Economy',8,'E'),(5,'Economy',8,'F'),(5,'Economy',8,'G'),(5,'Economy',8,'H'),(5,'Economy',8,'I'),(5,'Economy',9,'A'),(5,'Economy',9,'B'),(5,'Economy',9,'C'),(5,'Economy',9,'D'),(5,'Economy',9,'E'),(5,'Economy',9,'F'),(5,'Economy',9,'G'),(5,'Economy',9,'H'),(5,'Economy',9,'I'),(5,'Economy',10,'A'),(5,'Economy',10,'B'),(5,'Economy',10,'C'),(5,'Economy',10,'D'),(5,'Economy',10,'E'),(5,'Economy',10,'F'),(5,'Economy',10,'G'),(5,'Economy',10,'H'),(5,'Economy',10,'I'),(5,'Economy',11,'A'),(5,'Economy',11,'B'),(5,'Economy',11,'C'),(5,'Economy',11,'D'),(5,'Economy',11,'E'),(5,'Economy',11,'F'),(5,'Economy',11,'G'),(5,'Economy',11,'H'),(5,'Economy',11,'I'),(5,'Economy',12,'A'),(5,'Economy',12,'B'),(5,'Economy',12,'C'),(5,'Economy',12,'D'),(5,'Economy',12,'E'),(5,'Economy',12,'F'),(5,'Economy',12,'G'),(5,'Economy',12,'H'),(5,'Economy',12,'I'),(5,'Economy',13,'A'),(5,'Economy',13,'B'),(5,'Economy',13,'C'),(5,'Economy',13,'D'),(5,'Economy',13,'E'),(5,'Economy',13,'F'),(5,'Economy',13,'G'),(5,'Economy',13,'H'),(5,'Economy',13,'I'),(5,'Economy',14,'A'),(5,'Economy',14,'B'),(5,'Economy',14,'C'),(5,'Economy',14,'D'),(5,'Economy',14,'E'),(5,'Economy',14,'F'),(5,'Economy',14,'G'),(5,'Economy',14,'H'),(5,'Economy',14,'I'),(5,'Economy',15,'A'),(5,'Economy',15,'B'),(5,'Economy',15,'C'),(5,'Economy',15,'D'),(5,'Economy',15,'E'),(5,'Economy',15,'F'),(5,'Economy',15,'G'),(5,'Economy',15,'H'),(5,'Economy',15,'I'),(5,'Economy',16,'A'),(5,'Economy',16,'B'),(5,'Economy',16,'C'),(5,'Economy',16,'D'),(5,'Economy',16,'E'),(5,'Economy',16,'F'),(5,'Economy',16,'G'),(5,'Economy',16,'H'),(5,'Economy',16,'I'),(5,'Economy',17,'A'),(5,'Economy',17,'B'),(5,'Economy',17,'C'),(5,'Economy',17,'D'),(5,'Economy',17,'E'),(5,'Economy',17,'F'),(5,'Economy',17,'G'),(5,'Economy',17,'H'),(5,'Economy',17,'I'),(5,'Economy',18,'A'),(5,'Economy',18,'B'),(5,'Economy',18,'C'),(5,'Economy',18,'D'),(5,'Economy',18,'E'),(5,'Economy',18,'F'),(5,'Economy',18,'G'),(5,'Economy',18,'H'),(5,'Economy',18,'I'),(5,'Economy',19,'A'),(5,'Economy',19,'B'),(5,'Economy',19,'C'),(5,'Economy',19,'D'),(5,'Economy',19,'E'),(5,'Economy',19,'F'),(5,'Economy',19,'G'),(5,'Economy',19,'H'),(5,'Economy',19,'I'),(5,'Economy',20,'A'),(5,'Economy',20,'B'),(5,'Economy',20,'C'),(5,'Economy',20,'D'),(5,'Economy',20,'E'),(5,'Economy',20,'F'),(5,'Economy',20,'G'),(5,'Economy',20,'H'),(5,'Economy',20,'I'),(6,'Business',1,'A'),(6,'Business',1,'B'),(6,'Business',1,'C'),(6,'Business',1,'D'),(6,'Business',2,'A'),(6,'Business',2,'B'),(6,'Business',2,'C'),(6,'Business',2,'D'),(6,'Economy',1,'A'),(6,'Economy',1,'B'),(6,'Economy',1,'C'),(6,'Economy',1,'D'),(6,'Economy',1,'E'),(6,'Economy',1,'F'),(6,'Economy',1,'G'),(6,'Economy',1,'H'),(6,'Economy',1,'I'),(6,'Economy',1,'J'),(6,'Economy',2,'A'),(6,'Economy',2,'B'),(6,'Economy',2,'C'),(6,'Economy',2,'D'),(6,'Economy',2,'E'),(6,'Economy',2,'F'),(6,'Economy',2,'G'),(6,'Economy',2,'H'),(6,'Economy',2,'I'),(6,'Economy',2,'J'),(6,'Economy',3,'A'),(6,'Economy',3,'B'),(6,'Economy',3,'C'),(6,'Economy',3,'D'),(6,'Economy',3,'E'),(6,'Economy',3,'F'),(6,'Economy',3,'G'),(6,'Economy',3,'H'),(6,'Economy',3,'I'),(6,'Economy',3,'J'),(6,'Economy',4,'A'),(6,'Economy',4,'B'),(6,'Economy',4,'C'),(6,'Economy',4,'D'),(6,'Economy',4,'E'),(6,'Economy',4,'F'),(6,'Economy',4,'G'),(6,'Economy',4,'H'),(6,'Economy',4,'I'),(6,'Economy',4,'J'),(6,'Economy',5,'A'),(6,'Economy',5,'B'),(6,'Economy',5,'C'),(6,'Economy',5,'D'),(6,'Economy',5,'E'),(6,'Economy',5,'F'),(6,'Economy',5,'G'),(6,'Economy',5,'H'),(6,'Economy',5,'I'),(6,'Economy',5,'J'),(6,'Economy',6,'A'),(6,'Economy',6,'B'),(6,'Economy',6,'C'),(6,'Economy',6,'D'),(6,'Economy',6,'E'),(6,'Economy',6,'F'),(6,'Economy',6,'G'),(6,'Economy',6,'H'),(6,'Economy',6,'I'),(6,'Economy',6,'J'),(6,'Economy',7,'A'),(6,'Economy',7,'B'),(6,'Economy',7,'C'),(6,'Economy',7,'D'),(6,'Economy',7,'E'),(6,'Economy',7,'F'),(6,'Economy',7,'G'),(6,'Economy',7,'H'),(6,'Economy',7,'I'),(6,'Economy',7,'J'),(6,'Economy',8,'A'),(6,'Economy',8,'B'),(6,'Economy',8,'C'),(6,'Economy',8,'D'),(6,'Economy',8,'E'),(6,'Economy',8,'F'),(6,'Economy',8,'G'),(6,'Economy',8,'H'),(6,'Economy',8,'I'),(6,'Economy',8,'J'),(6,'Economy',9,'A'),(6,'Economy',9,'B'),(6,'Economy',9,'C'),(6,'Economy',9,'D'),(6,'Economy',9,'E'),(6,'Economy',9,'F'),(6,'Economy',9,'G'),(6,'Economy',9,'H'),(6,'Economy',9,'I'),(6,'Economy',9,'J'),(6,'Economy',10,'A'),(6,'Economy',10,'B'),(6,'Economy',10,'C'),(6,'Economy',10,'D'),(6,'Economy',10,'E'),(6,'Economy',10,'F'),(6,'Economy',10,'G'),(6,'Economy',10,'H'),(6,'Economy',10,'I'),(6,'Economy',10,'J'),(6,'Economy',11,'A'),(6,'Economy',11,'B'),(6,'Economy',11,'C'),(6,'Economy',11,'D'),(6,'Economy',11,'E'),(6,'Economy',11,'F'),(6,'Economy',11,'G'),(6,'Economy',11,'H'),(6,'Economy',11,'I'),(6,'Economy',11,'J'),(6,'Economy',12,'A'),(6,'Economy',12,'B'),(6,'Economy',12,'C'),(6,'Economy',12,'D'),(6,'Economy',12,'E'),(6,'Economy',12,'F'),(6,'Economy',12,'G'),(6,'Economy',12,'H'),(6,'Economy',12,'I'),(6,'Economy',12,'J'),(6,'Economy',13,'A'),(6,'Economy',13,'B'),(6,'Economy',13,'C'),(6,'Economy',13,'D'),(6,'Economy',13,'E'),(6,'Economy',13,'F'),(6,'Economy',13,'G'),(6,'Economy',13,'H'),(6,'Economy',13,'I'),(6,'Economy',13,'J'),(6,'Economy',14,'A'),(6,'Economy',14,'B'),(6,'Economy',14,'C'),(6,'Economy',14,'D'),(6,'Economy',14,'E'),(6,'Economy',14,'F'),(6,'Economy',14,'G'),(6,'Economy',14,'H'),(6,'Economy',14,'I'),(6,'Economy',14,'J'),(6,'Economy',15,'A'),(6,'Economy',15,'B'),(6,'Economy',15,'C'),(6,'Economy',15,'D'),(6,'Economy',15,'E'),(6,'Economy',15,'F'),(6,'Economy',15,'G'),(6,'Economy',15,'H'),(6,'Economy',15,'I'),(6,'Economy',15,'J'),(7,'Economy',1,'A'),(7,'Economy',1,'B'),(7,'Economy',1,'C'),(7,'Economy',1,'D'),(7,'Economy',1,'E'),(7,'Economy',1,'F'),(7,'Economy',2,'A'),(7,'Economy',2,'B'),(7,'Economy',2,'C'),(7,'Economy',2,'D'),(7,'Economy',2,'E'),(7,'Economy',2,'F'),(7,'Economy',3,'A'),(7,'Economy',3,'B'),(7,'Economy',3,'C'),(7,'Economy',3,'D'),(7,'Economy',3,'E'),(7,'Economy',3,'F'),(7,'Economy',4,'A'),(7,'Economy',4,'B'),(7,'Economy',4,'C'),(7,'Economy',4,'D'),(7,'Economy',4,'E'),(7,'Economy',4,'F'),(7,'Economy',5,'A'),(7,'Economy',5,'B'),(7,'Economy',5,'C'),(7,'Economy',5,'D'),(7,'Economy',5,'E'),(7,'Economy',5,'F'),(7,'Economy',6,'A'),(7,'Economy',6,'B'),(7,'Economy',6,'C'),(7,'Economy',6,'D'),(7,'Economy',6,'E'),(7,'Economy',6,'F'),(7,'Economy',7,'A'),(7,'Economy',7,'B'),(7,'Economy',7,'C'),(7,'Economy',7,'D'),(7,'Economy',7,'E'),(7,'Economy',7,'F'),(7,'Economy',8,'A'),(7,'Economy',8,'B'),(7,'Economy',8,'C'),(7,'Economy',8,'D'),(7,'Economy',8,'E'),(7,'Economy',8,'F'),(7,'Economy',9,'A'),(7,'Economy',9,'B'),(7,'Economy',9,'C'),(7,'Economy',9,'D'),(7,'Economy',9,'E'),(7,'Economy',9,'F'),(7,'Economy',10,'A'),(7,'Economy',10,'B'),(7,'Economy',10,'C'),(7,'Economy',10,'D'),(7,'Economy',10,'E'),(7,'Economy',10,'F'),(7,'Economy',11,'A'),(7,'Economy',11,'B'),(7,'Economy',11,'C'),(7,'Economy',11,'D'),(7,'Economy',11,'E'),(7,'Economy',11,'F'),(7,'Economy',12,'A'),(7,'Economy',12,'B'),(7,'Economy',12,'C'),(7,'Economy',12,'D'),(7,'Economy',12,'E'),(7,'Economy',12,'F'),(7,'Economy',13,'A'),(7,'Economy',13,'B'),(7,'Economy',13,'C'),(7,'Economy',13,'D'),(7,'Economy',13,'E'),(7,'Economy',13,'F'),(7,'Economy',14,'A'),(7,'Economy',14,'B'),(7,'Economy',14,'C'),(7,'Economy',14,'D'),(7,'Economy',14,'E'),(7,'Economy',14,'F'),(7,'Economy',15,'A'),(7,'Economy',15,'B'),(7,'Economy',15,'C'),(7,'Economy',15,'D'),(7,'Economy',15,'E'),(7,'Economy',15,'F'),(7,'Economy',16,'A'),(7,'Economy',16,'B'),(7,'Economy',16,'C'),(7,'Economy',16,'D'),(7,'Economy',16,'E'),(7,'Economy',16,'F'),(7,'Economy',17,'A'),(7,'Economy',17,'B'),(7,'Economy',17,'C'),(7,'Economy',17,'D'),(7,'Economy',17,'E'),(7,'Economy',17,'F'),(7,'Economy',18,'A'),(7,'Economy',18,'B'),(7,'Economy',18,'C'),(7,'Economy',18,'D'),(7,'Economy',18,'E'),(7,'Economy',18,'F'),(7,'Economy',19,'A'),(7,'Economy',19,'B'),(7,'Economy',19,'C'),(7,'Economy',19,'D'),(7,'Economy',19,'E'),(7,'Economy',19,'F'),(7,'Economy',20,'A'),(7,'Economy',20,'B'),(7,'Economy',20,'C'),(7,'Economy',20,'D'),(7,'Economy',20,'E'),(7,'Economy',20,'F'),(8,'Business',1,'A'),(8,'Business',1,'B'),(8,'Business',1,'C'),(8,'Business',1,'D'),(8,'Business',1,'E'),(8,'Business',2,'A'),(8,'Business',2,'B'),(8,'Business',2,'C'),(8,'Business',2,'D'),(8,'Business',2,'E'),(8,'Business',3,'A'),(8,'Business',3,'B'),(8,'Business',3,'C'),(8,'Business',3,'D'),(8,'Business',3,'E'),(8,'Business',4,'A'),(8,'Business',4,'B'),(8,'Business',4,'C'),(8,'Business',4,'D'),(8,'Business',4,'E'),(8,'Business',5,'A'),(8,'Business',5,'B'),(8,'Business',5,'C'),(8,'Business',5,'D'),(8,'Business',5,'E'),(8,'Economy',1,'A'),(8,'Economy',1,'B'),(8,'Economy',1,'C'),(8,'Economy',1,'D'),(8,'Economy',1,'E'),(8,'Economy',2,'A'),(8,'Economy',2,'B'),(8,'Economy',2,'C'),(8,'Economy',2,'D'),(8,'Economy',2,'E'),(8,'Economy',3,'A'),(8,'Economy',3,'B'),(8,'Economy',3,'C'),(8,'Economy',3,'D'),(8,'Economy',3,'E'),(8,'Economy',4,'A'),(8,'Economy',4,'B'),(8,'Economy',4,'C'),(8,'Economy',4,'D'),(8,'Economy',4,'E'),(8,'Economy',5,'A'),(8,'Economy',5,'B'),(8,'Economy',5,'C'),(8,'Economy',5,'D'),(8,'Economy',5,'E');
/*!40000 ALTER TABLE `seat_position` ENABLE KEYS */;
UNLOCK TABLES;

--
-- Table structure for table `user_phones`
--

DROP TABLE IF EXISTS `user_phones`;
/*!40101 SET @saved_cs_client     = @@character_set_client */;
/*!50503 SET character_set_client = utf8mb4 */;
CREATE TABLE `user_phones` (
  `email` varchar(255) NOT NULL,
  `phone_num` varchar(20) NOT NULL,
  PRIMARY KEY (`email`,`phone_num`),
  CONSTRAINT `user_phones_ibfk_1` FOREIGN KEY (`email`) REFERENCES `users` (`email`)
) ENGINE=InnoDB DEFAULT CHARSET=utf8mb4 COLLATE=utf8mb4_0900_ai_ci;
/*!40101 SET character_set_client = @saved_cs_client */;

--
-- Dumping data for table `user_phones`
--

LOCK TABLES `user_phones` WRITE;
/*!40000 ALTER TABLE `user_phones` DISABLE KEYS */;
INSERT INTO `user_phones` VALUES ('noa.reg1@flytau.com','050-1111111'),('noa.reg1@flytau.com','052-1111111'),('ronnie@1','0512345678'),('ronnie@1','0533445578'),('ronnie@flytau.com','054-4444444'),('ronnie@flytau.com','058-4444444'),('sagi@5','0511223344'),('sagi@flytau.com','054-3333333'),('Yael@20','0533489906'),('yoav@600','0567890987'),('yuval.reg2@flytau.com','050-2222222'),('yuval@3','0567890876'),('yuval@44','0502075948');
/*!40000 ALTER TABLE `user_phones` ENABLE KEYS */;
UNLOCK TABLES;

--
-- Table structure for table `users`
--

DROP TABLE IF EXISTS `users`;
/*!40101 SET @saved_cs_client     = @@character_set_client */;
/*!50503 SET character_set_client = utf8mb4 */;
CREATE TABLE `users` (
  `email` varchar(255) NOT NULL,
  `f_name` varchar(60) DEFAULT NULL,
  `l_name` varchar(60) DEFAULT NULL,
  PRIMARY KEY (`email`)
) ENGINE=InnoDB DEFAULT CHARSET=utf8mb4 COLLATE=utf8mb4_0900_ai_ci;
/*!40101 SET character_set_client = @saved_cs_client */;

--
-- Dumping data for table `users`
--

LOCK TABLES `users` WRITE;
/*!40000 ALTER TABLE `users` DISABLE KEYS */;
INSERT INTO `users` VALUES ('noa.reg1@flytau.com','Noa','Shavit'),('ronnie@1','Ronnie','Even'),('ronnie@flytau.com','Ronnie','Lahav'),('sagi@5','Sagi','Avni'),('sagi@flytau.com','Sagi','Levi'),('Yael@20','Yael','Lovie'),('yoav@600','yoav','klein'),('yuval.reg2@flytau.com','Yuval','Cohen'),('yuval@3','Yuval','Amster'),('yuval@44','yuval','amsterdam');
/*!40000 ALTER TABLE `users` ENABLE KEYS */;
UNLOCK TABLES;

--
-- Table structure for table `workers`
--

DROP TABLE IF EXISTS `workers`;
/*!40101 SET @saved_cs_client     = @@character_set_client */;
/*!50503 SET character_set_client = utf8mb4 */;
CREATE TABLE `workers` (
  `worker_id` int NOT NULL,
  `phone_number` varchar(20) DEFAULT NULL,
  `house_num` varchar(20) DEFAULT NULL,
  `street` varchar(80) DEFAULT NULL,
  `city` varchar(80) DEFAULT NULL,
  `f_name_he` varchar(60) DEFAULT NULL,
  `l_name_he` varchar(60) DEFAULT NULL,
  `work_start_date` date DEFAULT NULL,
  PRIMARY KEY (`worker_id`)
) ENGINE=InnoDB DEFAULT CHARSET=utf8mb4 COLLATE=utf8mb4_0900_ai_ci;
/*!40101 SET character_set_client = @saved_cs_client */;

--
-- Dumping data for table `workers`
--

LOCK TABLES `workers` WRITE;
/*!40000 ALTER TABLE `workers` DISABLE KEYS */;
INSERT INTO `workers` VALUES (2001,'050-2000001','10','Dizengoff','Tel-Aviv','','','2020-01-10'),(2002,'050-2000002','22','Ibn Gabirol','Tel-Aviv','','','2019-03-15'),(2101,'050-2100001','5','Herzl','Tel-Aviv','','','2018-06-01'),(2102,'050-2100002','8','Rothschild','Tel-Aviv','','','2017-09-12'),(2103,'050-2100003','11','Allenby','Tel-Aviv','','','2021-02-20'),(2104,'050-2100004','3','Ben Yehuda','Tel-Aviv','','','2020-11-05'),(2105,'050-2100005','14','King George','Tel-Aviv','','','2016-07-18'),(2106,'050-2100006','19','HaHashmonaim','Tel-Aviv','','','2019-12-02'),(2107,'050-2100007','2','Bograshov','Tel-Aviv','','-','2022-04-10'),(2108,'050-2100008','27','Frishman','Tel-Aviv','','','2015-08-23'),(2109,'050-2100009','31','Yehuda Halevi','Tel-Aviv','','','2018-10-30'),(2110,'050-2100010','6','Ahad HaAm','Tel-Aviv','','','2023-01-09'),(2201,'050-2200001','1','Nordau','Tel-Aviv','','','2021-06-01'),(2202,'050-2200002','2','Nordau','Tel-Aviv','','','2020-02-14'),(2203,'050-2200003','3','Nordau','Tel-Aviv','','','2019-09-03'),(2204,'050-2200004','4','Nordau','Tel-Aviv','','','2018-05-22'),(2205,'050-2200005','5','Nordau','Tel-Aviv','','','2022-11-30'),(2206,'050-2200006','6','Nordau','Tel-Aviv','','','2017-12-19'),(2207,'050-2200007','7','Nordau','Tel-Aviv','','','2020-07-11'),(2208,'050-2200008','8','Nordau','Tel-Aviv','','','2016-03-08'),(2209,'050-2200009','9','Nordau','Tel-Aviv','','-','2019-01-27'),(2210,'050-2200010','10','Nordau','Tel-Aviv','','','2023-05-06'),(2211,'050-2200011','11','Nordau','Tel-Aviv','','','2018-08-15'),(2212,'050-2200012','12','Nordau','Tel-Aviv','','','2017-04-23'),(2213,'050-2200013','13','Nordau','Tel-Aviv','','','2021-10-02'),(2214,'050-2200014','14','Nordau','Tel-Aviv','','','2020-01-28'),(2215,'050-2200015','15','Nordau','Tel-Aviv','','','2019-02-17'),(2216,'050-2200016','16','Nordau','Tel-Aviv','','','2016-11-09'),(2217,'050-2200017','17','Nordau','Tel-Aviv','','','2022-03-19'),(2218,'050-2200018','18','Nordau','Tel-Aviv','','','2018-09-29'),(2219,'050-2200019','19','Nordau','Tel-Aviv','','','2017-01-05'),(2220,'050-2200020','20','Nordau','Tel-Aviv','','','2023-07-22'),(2400,'0523581648','5','Haagana','Herzliya','','','2026-01-30');
/*!40000 ALTER TABLE `workers` ENABLE KEYS */;
UNLOCK TABLES;

--
-- Dumping events for database 'FLYTAU'
--

--
-- Dumping routines for database 'FLYTAU'
--
/*!40103 SET TIME_ZONE=@OLD_TIME_ZONE */;

/*!40101 SET SQL_MODE=@OLD_SQL_MODE */;
/*!40014 SET FOREIGN_KEY_CHECKS=@OLD_FOREIGN_KEY_CHECKS */;
/*!40014 SET UNIQUE_CHECKS=@OLD_UNIQUE_CHECKS */;
/*!40101 SET CHARACTER_SET_CLIENT=@OLD_CHARACTER_SET_CLIENT */;
/*!40101 SET CHARACTER_SET_RESULTS=@OLD_CHARACTER_SET_RESULTS */;
/*!40101 SET COLLATION_CONNECTION=@OLD_COLLATION_CONNECTION */;
/*!40111 SET SQL_NOTES=@OLD_SQL_NOTES */;

-- Dump completed on 2026-01-20 23:09:15
